source_kind,source_path,source_sha256,target_path,current_sha256,current_size_bytes,decision
Git包恢复,.gitattributes,2ba7595a6ef7dbde7316b3b54f338544c1f39b5bead3b41426fdc780ab635eeb,.gitattributes,2ba7595a6ef7dbde7316b3b54f338544c1f39b5bead3b41426fdc780ab635eeb,47,保留
Git包恢复,.gitignore,b7eefc7cca0bcf4b4dc2c99b4eeb049fd874f6d56f86f42ecd277df06bb178c9,.gitignore,b7eefc7cca0bcf4b4dc2c99b4eeb049fd874f6d56f86f42ecd277df06bb178c9,391,保留
Git包恢复,AI图元与代码开发/00_AI开发_模块入口与推进边界.md,787052ebaa0f2c0274c7e096139d9505400be1e4b7fbe46d0366c293b7c888fa,AI图元与代码开发/00_AI开发_模块入口与推进边界.md,787052ebaa0f2c0274c7e096139d9505400be1e4b7fbe46d0366c293b7c888fa,2999,保留
Git包恢复,AI图元与代码开发/README.md,67b4ed8b3131acc034ec03583a055e82a9e11db6f77afa167d80a80d3114eef7,AI图元与代码开发/README.md,6a13e766bc7234ebdc1c12a93d6fa300dc8b7862cd3c4698932a10bcc2af02b2,1690,保留
Git包恢复,AI图元与代码开发/参考规范/10_阶段4_AI开发图元与C_CPP代码候选MVP_v1.0.md,4fb72f0c94deafbcac7f0ef191302b8dd72be1cd8000735ab31cdf33abafbf2d,AI图元与代码开发/参考规范/10_阶段4_AI开发图元与C_CPP代码候选MVP_v1.0.md,4fb72f0c94deafbcac7f0ef191302b8dd72be1cd8000735ab31cdf33abafbf2d,1882,保留
Git包恢复,AI图元与代码开发/参考规范/11_阶段5_原生应用_RoundTrip与安全提交_v1.0.md,a57465ba7bf6bcdb5baa4e828319d220a5c9168a5101cc1bdf6fec60acbc5423,AI图元与代码开发/参考规范/11_阶段5_原生应用_RoundTrip与安全提交_v1.0.md,a57465ba7bf6bcdb5baa4e828319d220a5c9168a5101cc1bdf6fec60acbc5423,1534,保留
Git包恢复,AI图元与代码开发/参考规范/16_ProposalGraphOperations与CodePatch数据契约_v1.0.md,e5702d7da053295ce6c78bcc8eac4549dd55ac9231b948aa34dd58207e4c2199,AI图元与代码开发/参考规范/16_ProposalGraphOperations与CodePatch数据契约_v1.0.md,e5702d7da053295ce6c78bcc8eac4549dd55ac9231b948aa34dd58207e4c2199,2022,保留
Git包恢复,AI图元与代码开发/参考规范/23_beh_compose_graph_and_code_Skill设计_v1.0.md,20b9b1b532e8b6d5eb382a538fab7b52e0622f216faf8add920d8773a3029705,AI图元与代码开发/参考规范/23_beh_compose_graph_and_code_Skill设计_v1.0.md,20b9b1b532e8b6d5eb382a538fab7b52e0622f216faf8add920d8773a3029705,2197,保留
Git包恢复,AI图元与代码开发/参考规范/BEH_MCP_Phase1_Implementation_Guide_v1.0_2026-09-05.md,b5bdbf7695ec5950ca83adc15e3b7390707deefae86e7a3588241850e25ae402,AI图元与代码开发/参考规范/BEH_MCP_Phase1_Implementation_Guide_v1.0_2026-09-05.md,b5bdbf7695ec5950ca83adc15e3b7390707deefae86e7a3588241850e25ae402,62620,保留
Git包恢复,AI测试/00_AI测试_模块入口与复用规则.md,fbc3ecda1058ba581fc922050ac99b2f589f2063c6bbca00c602867ac4f1c23d,AI测试/00_AI测试_模块入口与复用规则.md,fbc3ecda1058ba581fc922050ac99b2f589f2063c6bbca00c602867ac4f1c23d,4549,保留
Git包恢复,AI测试/README.md,94b837578adfbb5a4984338099d97629e2362e006dd430d60a68a4ca06cae20b,AI测试/README.md,7deebf19aef5c9e94d01ba7821b4bb1c9ccb621855cf8cc5239f61406180f41c,3441,保留；已调整导航/现行记录，原输入仍由来源包或历史版本保留
Git包恢复,AI测试/产品端到端/BEH_产品端到端测试融合_主窗口与多工具协作探索指南_v1.0_2026-09-16.md,18f782caf919dcdca32f373112a6f082444680625479352cf53d12d0f892131c,AI测试/产品端到端/BEH_产品端到端测试融合_主窗口与多工具协作探索指南_v1.0_2026-09-16.md,18f782caf919dcdca32f373112a6f082444680625479352cf53d12d0f892131c,50843,保留
Git包恢复,AI测试/图元行为测试/参考规范/BEH_FB全库发现与批量适配实施手册_基于8个FB基线_v1.0_2026-09-07.md,80927a8939f515397c54cb2f59a21d010b498a31f640ff84926937a13d7242e5,AI测试/图元行为测试/参考规范/BEH_FB全库发现与批量适配实施手册_基于8个FB基线_v1.0_2026-09-07.md,80927a8939f515397c54cb2f59a21d010b498a31f640ff84926937a13d7242e5,47209,保留
Git包恢复,AI测试/图元行为测试/参考规范/BEH_FB行为测试可信性验真补充规范_v1.0.md,1f6810066fc5e342808cdc6e22dc4816ef37faa3c1dacc8c8b6cde059b9fff09,AI测试/图元行为测试/参考规范/BEH_FB行为测试可信性验真补充规范_v1.0.md,1f6810066fc5e342808cdc6e22dc4816ef37faa3c1dacc8c8b6cde059b9fff09,13917,保留
Git包恢复,AI测试/图元行为测试/参考规范/BEH_FB行为测试最小MVP实施规范_独立于旧FB框架_v2.0.md,8c5acc459afbddffbc574613646b93d2ce259b611767eb0a8f72f8b427bccf21,AI测试/图元行为测试/参考规范/BEH_FB行为测试最小MVP实施规范_独立于旧FB框架_v2.0.md,8c5acc459afbddffbc574613646b93d2ce259b611767eb0a8f72f8b427bccf21,15251,保留
Git包恢复,AI测试/图元行为测试/参考规范/BEH_Headless图元行为测试_PoC工程约束与防取巧指南_v1.0.md,6fc9bae913c3b1f6d2bed7048059f76031067c390be9a210a13d7a038b452d93,AI测试/图元行为测试/参考规范/BEH_Headless图元行为测试_PoC工程约束与防取巧指南_v1.0.md,6fc9bae913c3b1f6d2bed7048059f76031067c390be9a210a13d7a038b452d93,11387,保留
Git包恢复,AI测试/测试与解释融合/02_AI测试与解释融合_双环境实施指导_v1.0_2026-09-16.md,d23de8f9d7a66faac4544d9d55cc203cff62846a81ddf01ad9c9d7bb702c2d77,AI测试/测试与解释融合/02_AI测试与解释融合_双环境实施指导_v1.0_2026-09-16.md,d23de8f9d7a66faac4544d9d55cc203cff62846a81ddf01ad9c9d7bb702c2d77,38309,保留
Git包恢复,AI测试/网页人工路径/00_总体架构设计_多模态探路与人工路径验证_v0.1_2026-09-13.md,f74d403766e973e256cbdd41d29837bd8221e045ec80de39d0b463603c540756,AI测试/网页人工路径/00_总体架构设计_多模态探路与人工路径验证_v0.1_2026-09-13.md,f74d403766e973e256cbdd41d29837bd8221e045ec80de39d0b463603c540756,32920,保留
Git包恢复,AI测试/网页人工路径/00_项目入口与交付清单_v0.1.0.md,9ed4f6d7896ae2e6edf76fa46e0887128ec48754aa479c9cf48cb96a81b86107,AI测试/网页人工路径/00_项目入口与交付清单_v0.1.0.md,9ed4f6d7896ae2e6edf76fa46e0887128ec48754aa479c9cf48cb96a81b86107,2740,保留
Git包恢复,AI测试/网页人工路径/01_使用与接入指南_v0.1.0.md,387275d77b05622b4f729b6926a83572ffc9343198f659f935c1c07c09925264,AI测试/网页人工路径/01_使用与接入指南_v0.1.0.md,387275d77b05622b4f729b6926a83572ffc9343198f659f935c1c07c09925264,9877,保留
Git包恢复,AI测试/网页人工路径/02_实现说明与边界_v0.1.0.md,024df98ab4c5afb2ae9aa71396e442e4d0be9b9f2e6b728a1c70fa9317cf449a,AI测试/网页人工路径/02_实现说明与边界_v0.1.0.md,024df98ab4c5afb2ae9aa71396e442e4d0be9b9f2e6b728a1c70fa9317cf449a,7031,保留
Git包恢复,AI测试/网页人工路径/03_实际验证报告_v0.1.0.md,0ccf3d020eeee4b89cfa0943e550aee92b9e3c4754bad189b4fdaf75f8685937,AI测试/网页人工路径/03_实际验证报告_v0.1.0.md,0ccf3d020eeee4b89cfa0943e550aee92b9e3c4754bad189b4fdaf75f8685937,7614,保留
Git包恢复,AI测试/网页人工路径/AI人工路径测试自动化_完整包_2026-09-17.zip,5ba92224544078dc9c34be5b48889dd709dae4cc3c48961eccf91dec3f6c6ab1,交付包/历史版本/网页人工路径/AI人工路径测试自动化_完整包_2026-09-17.zip,5ba92224544078dc9c34be5b48889dd709dae4cc3c48961eccf91dec3f6c6ab1,78668429,归档/调整位置
Git包恢复,AI测试/网页人工路径/AI人工路径测试自动化_实测证据_v0.1.0.zip,0574e1f0e58df92226f544b119e3f7acd90b8fc925fb9c8854f2ae6d81f9b924,AI测试/网页人工路径/AI人工路径测试自动化_实测证据_v0.1.0.zip,0574e1f0e58df92226f544b119e3f7acd90b8fc925fb9c8854f2ae6d81f9b924,78463971,保留
Git包恢复,AI测试/网页人工路径/AI人工路径测试自动化_架构设计与MVP实施方案_v1.0_2026-09-13.md,22453bf9ef3f8371a7991f22689e3136d8d52394f6910cb06d2e9723a45426fa,AI测试/网页人工路径/AI人工路径测试自动化_架构设计与MVP实施方案_v1.0_2026-09-13.md,22453bf9ef3f8371a7991f22689e3136d8d52394f6910cb06d2e9723a45426fa,68631,保留
Git包恢复,AI测试/网页人工路径/AI人工路径测试自动化_源码与安装包_v0.1.0.zip,0bc09ce0f000a941445ff2a65ac75e48db449f9a68fe314e5659b1137da07c1e,交付包/专项包/网页人工路径/AI人工路径测试自动化_源码与安装包_v0.1.0.zip,0bc09ce0f000a941445ff2a65ac75e48db449f9a68fe314e5659b1137da07c1e,186785,归档/调整位置
Git包恢复,AI测试/网页人工路径/README.md,4aa2fc5820fa8f0c48e3051802e459a33f56c6cf66eaa6392afa5afb9f5a0a22,AI测试/网页人工路径/README.md,ee73418310635732056e9f6a1194453276264a7ce9d76cf2461bd63e2f579664,1295,保留；已调整导航/现行记录，原输入仍由来源包或历史版本保留
Git包恢复,AI解释/00_AI解释_两档模式与测试增强规范.md,72dd897d71ea0ca0346ed63aa2404df799deffd170051325f5eab5d226c3db1b,AI解释/00_AI解释_两档模式与测试增强规范.md,72dd897d71ea0ca0346ed63aa2404df799deffd170051325f5eab5d226c3db1b,9153,保留
Git包恢复,AI解释/README.md,d159186e8df546acc8ef3bc7f6931068101a0c59558315ab2027537acce543cc,AI解释/README.md,8ed8eac4aa9b4ea8a92902b84057a36bfb95b84226f1464cad9292800bc149fd,1440,保留
Git包恢复,AI解释/参考规范/08_阶段2_AI解释MVP_外置Skill_v1.0.md,2390acb8b304af69c5d9bf7f43caee7670460657c59aabe73dde7b5774838089,AI解释/参考规范/08_阶段2_AI解释MVP_外置Skill_v1.0.md,2390acb8b304af69c5d9bf7f43caee7670460657c59aabe73dde7b5774838089,2295,保留
Git包恢复,AI解释/参考规范/15_AnalysisTaskBundle与ResultBundle数据契约_v1.0.md,e064182a8a65ba5236154d7a51478021c8c5da630cbdb220a64cb564a13bb0f6,AI解释/参考规范/15_AnalysisTaskBundle与ResultBundle数据契约_v1.0.md,e064182a8a65ba5236154d7a51478021c8c5da630cbdb220a64cb564a13bb0f6,2891,保留
Git包恢复,AI解释/参考规范/22_beh_diagram_analysis_Skill设计_v1.0.md,9dec5a184214e9ecb14641b14390592d7f6fd933d4930307f3a1dc652da4a414,AI解释/参考规范/22_beh_diagram_analysis_Skill设计_v1.0.md,9dec5a184214e9ecb14641b14390592d7f6fd933d4930307f3a1dc652da4a414,2829,保留
Git包恢复,README.md,696cec4c7395b673d58bd3286e812835693d48fa81225df264b6bfc6a8ef8366,README.md,7e01868db804ed7ae564284cc5ee7cd1cbd102cbd92efb8679200b50688c0fde,3703,保留；已调整导航/现行记录，原输入仍由来源包或历史版本保留
Git包恢复,tools/verify_workspace.py,362a4aadedb18ba13d63132b36c6fc08134298e1eef6996af69058b05118f51e,tools/verify_workspace.py,47a7f82585e71510be93bc8f398ba79122b5e7e7bf42276fb0704d41b773d49d,4334,保留；已调整导航/现行记录，原输入仍由来源包或历史版本保留
Git包恢复,从这里开始.md,5343101861fc9ca81b75c939e9693610a645f1a19e21bb58bcccb3998e94e014,历史资料/旧入口/统一工作区_从这里开始_2026-09-17.md,02ca48577792b99e979a9652821a4df307e1921d84790c4a1ee68c293fdf8d5e,136,归档/调整位置；已调整导航/现行记录，原输入仍由来源包或历史版本保留
Git包恢复,任务记录/README.md,06360894eabaed34f8d1c024f88cccfafe4d17d24ed4af9b586a6cd48bac0367,任务记录/README.md,06360894eabaed34f8d1c024f88cccfafe4d17d24ed4af9b586a6cd48bac0367,1011,保留
Git包恢复,任务记录/任务记录模板.md,1f49db99b2983d912b254697c6523b070f4c1cbeb4d8286b4e08f3b9974e88aa,任务记录/任务记录模板.md,1f49db99b2983d912b254697c6523b070f4c1cbeb4d8286b4e08f3b9974e88aa,1031,保留
Git包恢复,历史资料/BEH/00_Current/05_开发总路线图_先解释后开发_v1.0.md,53785e4a9985d0e1eacffb7a25beef9a7f6d0556c9e0f757079fc1c086df29c2,历史资料/BEH/00_Current/05_开发总路线图_先解释后开发_v1.0.md,53785e4a9985d0e1eacffb7a25beef9a7f6d0556c9e0f757079fc1c086df29c2,2684,保留
Git包恢复,历史资料/BEH/00_START_HERE_项目入口与文档顺序_v1.0_2026-08-19.md,7dba8307bedfe8d3dc82475b0c0611fcd51eb7ece21ef63d15644ea25548a031,历史资料/BEH/00_START_HERE_项目入口与文档顺序_v1.0_2026-08-19.md,7dba8307bedfe8d3dc82475b0c0611fcd51eb7ece21ef63d15644ea25548a031,5110,保留
Git包恢复,历史资料/BEH/ADDON_MANIFEST_交互与测试补充规范_v1.0_2026-08-19.json,41517458dd50899ff2b75ffef615be34ddb3e225f6a1c218c02275a407c85b9b,历史资料/BEH/ADDON_MANIFEST_交互与测试补充规范_v1.0_2026-08-19.json,41517458dd50899ff2b75ffef615be34ddb3e225f6a1c218c02275a407c85b9b,1312,保留
Git包恢复,历史资料/BEH/ADDON_README_交互与测试补充规范_v1.0_2026-08-19.md,058d191050fa72d641287ead64084ea1f624b2cee96db53128a9635473fc58bb,历史资料/BEH/ADDON_README_交互与测试补充规范_v1.0_2026-08-19.md,058d191050fa72d641287ead64084ea1f624b2cee96db53128a9635473fc58bb,1561,保留
Git包恢复,历史资料/BEH/BEH_交互与测试补充规范_新增文档包_v1.0_2026-08-19.zip,32cee72fedfaf7e733b670d682da006f18606ab0d0caa5558bf28a4c23d2f3bb,历史资料/BEH/BEH_交互与测试补充规范_新增文档包_v1.0_2026-08-19.zip,32cee72fedfaf7e733b670d682da006f18606ab0d0caa5558bf28a4c23d2f3bb,13194,保留
Git包恢复,历史资料/BEH/BEH图源与代码分析工作台_新项目文档集_v1.0_2026-08-19.zip,da7a691eb03b01f82b70742c998e5c54acca69f84372bd36725c6df2e681fb7d,历史资料/BEH/BEH图源与代码分析工作台_新项目文档集_v1.0_2026-08-19.zip,da7a691eb03b01f82b70742c998e5c54acca69f84372bd36725c6df2e681fb7d,60122,保留
Git包恢复,历史资料/BEH/DOCUMENT_MANIFEST.json,a276ad9e1ee2f1119498646e94d307008c05d62a1f73973b6d073168bd3875ac,历史资料/BEH/DOCUMENT_MANIFEST.json,a276ad9e1ee2f1119498646e94d307008c05d62a1f73973b6d073168bd3875ac,6187,保留
Git包恢复,历史资料/BEH/PROJECT_INSTRUCTIONS_项目运行规则_v1.0_2026-08-19.md,8e0eafd82f46d03c479cacb31018146ce3414aeee00b747f882c208a70aabede,历史资料/BEH/PROJECT_INSTRUCTIONS_项目运行规则_v1.0_2026-08-19.md,8e0eafd82f46d03c479cacb31018146ce3414aeee00b747f882c208a70aabede,4834,保留
Git包恢复,历史资料/BEH/README.md,d05d883a83ac6c984579232759efbe7c27e167a04b5676016f5a81d5edcfa748,历史资料/BEH/README.md,d05d883a83ac6c984579232759efbe7c27e167a04b5676016f5a81d5edcfa748,679,保留
Git包恢复,历史资料/README.md,3d6a4836386c67401f4ae71ee291eb66601ad7525c5cb68593f14cd61ea27e14,历史资料/README.md,78a0e86935161038327a76be66966c9361dfaed03d1587257016483eedf29efb,7559,保留；已调整导航/现行记录，原输入仍由来源包或历史版本保留
Git包恢复,历史资料/后置能力/27_精雕细琢与高级能力路线_后置_v1.0.md,3a91a46c4068e0ee149ff839c0c12b14bdcc107e319d8bbaac45be57bc29a1a5,历史资料/后置能力/27_精雕细琢与高级能力路线_后置_v1.0.md,3a91a46c4068e0ee149ff839c0c12b14bdcc107e319d8bbaac45be57bc29a1a5,1607,保留
Git包恢复,历史资料/旧入口/00_从这里开始_BEH统一导航.md,58409dd079c773868f1fe6d768f6a6a8b2f07054f0e70ef8cd91b8564bff29db,历史资料/旧入口/00_从这里开始_BEH统一导航.md,58409dd079c773868f1fe6d768f6a6a8b2f07054f0e70ef8cd91b8564bff29db,7151,保留
Git包恢复,历史资料/旧文档包/BEH_AI图源_公司使用版.zip,e5f004f697e5bfcbca9d97fd4420319475dbe2abe20f94cb4180f93bf1b6df4d,历史资料/旧文档包/BEH_AI图源_公司使用版.zip,e5f004f697e5bfcbca9d97fd4420319475dbe2abe20f94cb4180f93bf1b6df4d,25038,保留
Git包恢复,历史资料/旧文档包/BEH_AI图源_最新重构版_DeepSeek弱模型适配.zip,9bac90b22de3bc56f9b4f2f63517f5729bdae4e140ab56494f53f7ac8a54bf6c,历史资料/旧文档包/BEH_AI图源_最新重构版_DeepSeek弱模型适配.zip,9bac90b22de3bc56f9b4f2f63517f5729bdae4e140ab56494f53f7ac8a54bf6c,24271,保留
Git包恢复,历史资料/旧文档包/BEH_NativeRenderer视觉保真专项排查_新增文档包_v1.0_2026-08-19.zip,7698083b8ba00d790e61af8bc9d86c5c07354ef5f5209b9ab38c142478f04fde,历史资料/旧文档包/BEH_NativeRenderer视觉保真专项排查_新增文档包_v1.0_2026-08-19.zip,7698083b8ba00d790e61af8bc9d86c5c07354ef5f5209b9ab38c142478f04fde,6552,保留
Git包恢复,历史资料/旧文档包/BEH_交互与测试补充规范_新增文档包_v1.0_2026-08-19.zip,32cee72fedfaf7e733b670d682da006f18606ab0d0caa5558bf28a4c23d2f3bb,历史资料/BEH/BEH_交互与测试补充规范_新增文档包_v1.0_2026-08-19.zip,32cee72fedfaf7e733b670d682da006f18606ab0d0caa5558bf28a4c23d2f3bb,13194,相同内容合并到同一位置
Git包恢复,历史资料/旧文档包/BEH_交互与测试补充规范_无人工参与_v1.1_2026-08-19.zip,87eaf9c710a201e47ac51febc44cb9c2e122e85c85a15a5fa5b6a37438679142,历史资料/旧文档包/BEH_交互与测试补充规范_无人工参与_v1.1_2026-08-19.zip,87eaf9c710a201e47ac51febc44cb9c2e122e85c85a15a5fa5b6a37438679142,13762,保留
Git包恢复,历史资料/旧文档包/BEH_原生Renderer定位与Offscreen复用专项_新增文档包_v1.0_2026-08-19.zip,cc60f57c432da21a917a9e9ea9b006acb40ec69f0635a66c568a181b3e272f7d,历史资料/旧文档包/BEH_原生Renderer定位与Offscreen复用专项_新增文档包_v1.0_2026-08-19.zip,cc60f57c432da21a917a9e9ea9b006acb40ec69f0635a66c568a181b3e272f7d,7155,保留
Git包恢复,历史资料/旧文档包/BEH_新项目文档集.zip,6b3ce478f8c7beac33b13aa7d62e4ae16a8b5f0cbd05db0d3a3c0da06111f50d,历史资料/旧文档包/BEH_新项目文档集.zip,6b3ce478f8c7beac33b13aa7d62e4ae16a8b5f0cbd05db0d3a3c0da06111f50d,60109,保留
Git包恢复,历史资料/旧文档包/BEH图源与代码分析工作台_新项目文档集_v1.0_2026-08-19_最新版.zip,da7a691eb03b01f82b70742c998e5c54acca69f84372bd36725c6df2e681fb7d,历史资料/BEH/BEH图源与代码分析工作台_新项目文档集_v1.0_2026-08-19.zip,da7a691eb03b01f82b70742c998e5c54acca69f84372bd36725c6df2e681fb7d,60122,相同内容合并到同一位置
Git包恢复,历史资料/早期方案/00_BEH_AI图源项目_分阶段总路线图.md,0e50f9008964bd7f464b8f9150ce3d279a9e47a66f91efa63dec93434e2628cc,历史资料/早期方案/00_BEH_AI图源项目_分阶段总路线图.md,0e50f9008964bd7f464b8f9150ce3d279a9e47a66f91efa63dec93434e2628cc,5047,保留
Git包恢复,历史资料/早期方案/01_BEH_AI图源工作台_总体设计书.md,19f0bd2bc9961db4e5622ab7ae1610e6a7d85f3050a5321df83bb016e2163c5d,历史资料/早期方案/01_BEH_AI图源工作台_总体设计书.md,19f0bd2bc9961db4e5622ab7ae1610e6a7d85f3050a5321df83bb016e2163c5d,6992,保留
Git包恢复,历史资料/早期方案/01_BEH_AI图源工作台_最新总体设计书.md,3a2a8d6745c71dea8b640e212ee110d8b5a898660a518d0490fef15dc544ce41,历史资料/早期方案/01_BEH_AI图源工作台_最新总体设计书.md,3a2a8d6745c71dea8b640e212ee110d8b5a898660a518d0490fef15dc544ce41,8215,保留
Git包恢复,历史资料/早期方案/02_BEH_AI图源项目_DeepSeek弱模型适配开发路线图.md,3694342707fc3be3f024ef3db006dce8f5232ee283a434327248af976cdab31c,历史资料/早期方案/02_BEH_AI图源项目_DeepSeek弱模型适配开发路线图.md,3694342707fc3be3f024ef3db006dce8f5232ee283a434327248af976cdab31c,4690,保留
Git包恢复,历史资料/早期方案/02_BEH_AI图源项目_开发路线图.md,743b9c77b9660ef9f5471198e4368670bbbef39bbea323afd0b358fefbd6e662,历史资料/早期方案/02_BEH_AI图源项目_开发路线图.md,743b9c77b9660ef9f5471198e4368670bbbef39bbea323afd0b358fefbd6e662,3681,保留
Git包恢复,历史资料/早期方案/03_阶段3_BEH原生自动验图机器人.md,9bf01e60084c72e0d099c0487b7d47943c4229e3354b9301966bd0c97ffcd795,历史资料/早期方案/03_阶段3_BEH原生自动验图机器人.md,9bf01e60084c72e0d099c0487b7d47943c4229e3354b9301966bd0c97ffcd795,3977,保留
Git包恢复,历史资料/早期方案/04_阶段2_Relation结构化Review与原生BEH核验.md,4ba888ecdc0cdad14d10e834276159672c98903e25d4eeb508c9b344752fa54b,历史资料/早期方案/04_阶段2_Relation结构化Review与原生BEH核验.md,4ba888ecdc0cdad14d10e834276159672c98903e25d4eeb508c9b344752fa54b,4130,保留
Git包恢复,历史资料/早期方案/04_阶段4_DeepSeekHarness_小视觉模型_多模型验图Agent.md,7e7a24b5a19cfd0a5e5b6381490d6dac773151ff22041982aca91eccd7339583,历史资料/早期方案/04_阶段4_DeepSeekHarness_小视觉模型_多模型验图Agent.md,7e7a24b5a19cfd0a5e5b6381490d6dac773151ff22041982aca91eccd7339583,4016,保留
Git包恢复,历史资料/早期方案/05_阶段2_Relation结构化Review与原生BEH核验.md,20903314fb258eda80eb0feaa4cafa9baf5abf1087c9a050ca41fbfa6865ac84,历史资料/早期方案/05_阶段2_Relation结构化Review与原生BEH核验.md,20903314fb258eda80eb0feaa4cafa9baf5abf1087c9a050ca41fbfa6865ac84,2308,保留
Git包恢复,历史资料/早期方案/05_阶段5_验证反馈闭环与AI写图源准备.md,515936dbb56c47f43c2e2d1932b2114fcddf3fb03f4f4b681e666265956523d6,历史资料/早期方案/05_阶段5_验证反馈闭环与AI写图源准备.md,515936dbb56c47f43c2e2d1932b2114fcddf3fb03f4f4b681e666265956523d6,3620,保留
Git包恢复,历史资料/早期方案/06_阶段4_Compose人机共创与AI写图源.md,cc96fc9f38943c1fab0a71b4474f43c97254a790c51805a55f0aad0d5550a00c,历史资料/早期方案/06_阶段4_Compose人机共创与AI写图源.md,cc96fc9f38943c1fab0a71b4474f43c97254a790c51805a55f0aad0d5550a00c,3576,保留
Git包恢复,历史资料/早期方案/07_阶段4_Compose人机共创与AI写图源.md,9ed2f73b31acb74854b6f767d1c698cb35f710df254a7e7a8c813a9ccba6ee86,历史资料/早期方案/07_阶段4_Compose人机共创与AI写图源.md,9ed2f73b31acb74854b6f767d1c698cb35f710df254a7e7a8c813a9ccba6ee86,2314,保留
Git包恢复,历史资料/早期方案/09_BEH图源项目_不可违背的证据与工程原则.md,43c51d21f6d9bab1aab736d1da7c48e4c5ea1a5ea46cf2ebd60c12faaa7ec65e,历史资料/早期方案/09_BEH图源项目_不可违背的证据与工程原则.md,43c51d21f6d9bab1aab736d1da7c48e4c5ea1a5ea46cf2ebd60c12faaa7ec65e,8380,保留
Git包恢复,历史资料/早期方案/BEH_JRE_OpenJDK工具包只读分析指导.md,58d9916261d07847efc4b27cc82e9fa034e6e6795efb18864e9dd34142dcca52,历史资料/早期方案/BEH_JRE_OpenJDK工具包只读分析指导.md,58d9916261d07847efc4b27cc82e9fa034e6e6795efb18864e9dd34142dcca52,14468,保留
Git包恢复,历史资料/早期方案/BEH_Native_Headless_Full_Scene_可行性验证文档.md,b95082236704e7a0ff33ff1d43915e5e8cf9367f83ed07de98b22647d224cee6,历史资料/早期方案/BEH_Native_Headless_Full_Scene_可行性验证文档.md,b95082236704e7a0ff33ff1d43915e5e8cf9367f83ed07de98b22647d224cee6,13763,保留
Git包恢复,历史资料/早期方案/BEH_XML_01_02_03三文件差分分析提示词.md,c01a01cee14da0ade031c26cc8c2098010fe777478bd3dbb59de4801bbfd4ae7,历史资料/早期方案/BEH_XML_01_02_03三文件差分分析提示词.md,c01a01cee14da0ade031c26cc8c2098010fe777478bd3dbb59de4801bbfd4ae7,9863,保留
Git包恢复,历史资料/早期方案/BEH人机统一图源工作台_圈选解释_区域生成_草图协同_AI共创设计书(1).md,2702ed1b3aa003052adf9f4f7134cfbecb4094fbafe4debb28dbe485d0e699ba,历史资料/早期方案/BEH人机统一图源工作台_圈选解释_区域生成_草图协同_AI共创设计书.md,2702ed1b3aa003052adf9f4f7134cfbecb4094fbafe4debb28dbe485d0e699ba,22380,归档/调整位置
Git包恢复,历史资料/早期方案/BEH人机统一图源工作台_圈选解释_区域生成_草图协同_AI共创设计书.md,2702ed1b3aa003052adf9f4f7134cfbecb4094fbafe4debb28dbe485d0e699ba,历史资料/早期方案/BEH人机统一图源工作台_圈选解释_区域生成_草图协同_AI共创设计书.md,2702ed1b3aa003052adf9f4f7134cfbecb4094fbafe4debb28dbe485d0e699ba,22380,相同内容合并到同一位置
Git包恢复,历史资料/早期方案/BEH图元簇_结构化GraphIR与可审计Review设计.md,f8c629cfc8ffed605ed4079eb1482c54b1ddd1699c3dcff65fece218eab3131b,历史资料/早期方案/BEH图元簇_结构化GraphIR与可审计Review设计.md,f8c629cfc8ffed605ed4079eb1482c54b1ddd1699c3dcff65fece218eab3131b,15501,保留
Git包恢复,历史资料/早期方案/Codex_BEH_AI接入能力检测器开发指南.md,3a55e29cf1155a9227aecbaa88bfcfc49eda3d3cc90f7bd9c47bfbee64e63815,历史资料/早期方案/Codex_BEH_AI接入能力检测器开发指南.md,3a55e29cf1155a9227aecbaa88bfcfc49eda3d3cc90f7bd9c47bfbee64e63815,23957,保留
Git包恢复,历史资料/早期方案/Codex_工业PLC自动化XML标准指纹检测器_BEH成分分析_开发行动指南.md,a925584316113ab20dab4a47b9bb0b1d5b941e81017212867110f527f2aff7c1,历史资料/早期方案/Codex_工业PLC自动化XML标准指纹检测器_BEH成分分析_开发行动指南.md,a925584316113ab20dab4a47b9bb0b1d5b941e81017212867110f527f2aff7c1,32357,保留
Git包恢复,历史资料/早期方案/PLC_BEH_XML连接关系与视觉连通簇识别说明.md,5b0fe5941af2cc65093f3627bc3226427bfe41c597f5da6b1eecc1dcfe8586cc,历史资料/早期方案/PLC_BEH_XML连接关系与视觉连通簇识别说明.md,5b0fe5941af2cc65093f3627bc3226427bfe41c597f5da6b1eecc1dcfe8586cc,10671,保留
Git包恢复,历史资料/早期方案/PLCopen_IEC61131-10_XML可见连线与箭头方向判定指南_BEH映射.md,26febcb96edd140cc5c691d6536f13982dc87d0b8c607a0504b66bdd1defc53b,历史资料/早期方案/PLCopen_IEC61131-10_XML可见连线与箭头方向判定指南_BEH映射.md,26febcb96edd140cc5c691d6536f13982dc87d0b8c607a0504b66bdd1defc53b,30317,保留
Git包恢复,历史资料/测试旧版本/BEH_FB行为测试最小MVP实施指南_v1.0.md,25f9ed57050b7c78e6273ecfff40496d81d3c39bb725cde4578f73a27f0147bb,历史资料/测试旧版本/BEH_FB行为测试最小MVP实施指南_v1.0.md,25f9ed57050b7c78e6273ecfff40496d81d3c39bb725cde4578f73a27f0147bb,11535,保留
Git包恢复,历史资料/迁移记录/BEH_2026-09-14/00_维护规则与当前决策.md,9aa164f55d414f37a81c91ae89e7851822b419d5fd0eeba2936b1f7645668de7,历史资料/迁移记录/BEH_2026-09-14/00_维护规则与当前决策.md,9aa164f55d414f37a81c91ae89e7851822b419d5fd0eeba2936b1f7645668de7,3363,保留
Git包恢复,历史资料/迁移记录/BEH_2026-09-14/01_全量文件索引与迁移对照.md,216ed73e3e270fcff9ef54d4eea70350e18d6879d149e5372e4d2332e1610f89,历史资料/迁移记录/BEH_2026-09-14/01_全量文件索引与迁移对照.md,216ed73e3e270fcff9ef54d4eea70350e18d6879d149e5372e4d2332e1610f89,20277,保留
Git包恢复,历史资料/迁移记录/Git起步版/产品研发与测试_AI统一工作区_Git起步包_2026-09-17.zip,4718f59258efc53cc2d33e9ffea718ce9aff66ac6a1815362556da05accbac3d,交付包/历史版本/统一工作区/产品研发与测试_AI统一工作区_Git起步包_2026-09-17.zip,4718f59258efc53cc2d33e9ffea718ce9aff66ac6a1815362556da05accbac3d,33775,旧 Git 起步包归入历史交付区
Git包恢复,历史资料/迁移记录/统一整理方案/统一工作区整理方案_重审版_v1.0_2026-09-17.md,b5e6c241f14a4d779c14d3b0a502e65181aab7eda7f204b9dea6a84ac61bdd10,历史资料/迁移记录/统一整理方案/统一工作区整理方案_重审版_v1.0_2026-09-17.md,b5e6c241f14a4d779c14d3b0a502e65181aab7eda7f204b9dea6a84ac61bdd10,36466,保留
Git包恢复,工具接入与共享能力/00_共享能力_图元代码与信号观测.md,e10c357bd07131277324869109eb928ea99ee304e8c0fd85f68fe4131d9def88,工具接入与共享能力/00_共享能力_图元代码与信号观测.md,e10c357bd07131277324869109eb928ea99ee304e8c0fd85f68fe4131d9def88,3584,保留
Git包恢复,工具接入与共享能力/BEH原生能力/场景与对象/06_阶段0_原生Headless场景底座固化_v1.0.md,c8186f5282ae8a9f0f43817efcd8695752cebd745a87ba90d82f50f58d7ecf18,工具接入与共享能力/BEH原生能力/场景与对象/06_阶段0_原生Headless场景底座固化_v1.0.md,c8186f5282ae8a9f0f43817efcd8695752cebd745a87ba90d82f50f58d7ecf18,2208,保留
Git包恢复,工具接入与共享能力/BEH原生能力/场景与对象/13_NativeSceneBundle与HitMap数据契约_v1.0.md,71979651bd0db83ad3ebb25db0a2155315f92bbc89c418056057627c00482396,工具接入与共享能力/BEH原生能力/场景与对象/13_NativeSceneBundle与HitMap数据契约_v1.0.md,71979651bd0db83ad3ebb25db0a2155315f92bbc89c418056057627c00482396,4058,保留
Git包恢复,工具接入与共享能力/README.md,6e3c27d574443d7c843499c96ff2bcc3bac14cdfc63a948ae1e765920907461c,工具接入与共享能力/README.md,d1a7e03c6adc3b117e29505a3619bf56acd428d68f7bd5144a8d463ce0c0632a,2856,保留；已调整导航/现行记录，原输入仍由来源包或历史版本保留
Git包恢复,工具接入与共享能力/代码关联与宿主接入/09_阶段3_代码仓关联与解释准确性增强_v1.0.md,3fddc2b2388134e7b9f3da22fe828ecbef4aac22753097a0bd3cabebce9dbfb5,工具接入与共享能力/代码关联与宿主接入/09_阶段3_代码仓关联与解释准确性增强_v1.0.md,3fddc2b2388134e7b9f3da22fe828ecbef4aac22753097a0bd3cabebce9dbfb5,2038,保留
Git包恢复,工具接入与共享能力/代码关联与宿主接入/12_阶段6_Workbench与DeepSeekHarness一体化_v1.0.md,a8d13f5f89708b8e7c3a538f80a2efe21d45a14be4079f2ec9985bf21eaac480,工具接入与共享能力/代码关联与宿主接入/12_阶段6_Workbench与DeepSeekHarness一体化_v1.0.md,a8d13f5f89708b8e7c3a538f80a2efe21d45a14be4079f2ec9985bf21eaac480,1663,保留
Git包恢复,工具接入与共享能力/信号追踪与运行观测/上板信号全链路采集建设与操作指南_跨核与BEH图元_v1.0.md,df50acd8fb4b8c3006b020b042e360b46b049a182f86b9f5baff6f6ee2cc388a,工具接入与共享能力/信号追踪与运行观测/上板信号全链路采集建设与操作指南_跨核与BEH图元_v1.0.md,df50acd8fb4b8c3006b020b042e360b46b049a182f86b9f5baff6f6ee2cc388a,62211,保留
Git包恢复,工具接入与共享能力/信号追踪与运行观测/不上板信号全链路建设与验收指南_跨核与BEH图元_v1.0.md,1c67735e4470fb4845df078e77b196324a59f96ca7c42f6549ea66c5b18cd754,工具接入与共享能力/信号追踪与运行观测/不上板信号全链路建设与验收指南_跨核与BEH图元_v1.0.md,1c67735e4470fb4845df078e77b196324a59f96ca7c42f6549ea66c5b18cd754,59134,保留
Git包恢复,工具接入与共享能力/工具选型与接入调查/BEH_控制工具调研与源码调查任务单_v1.0_2026-09-17.md,da0b4f79fd046f08a16ccc31e875ce8388594478be1c663629c4a9bfa0389af9,工具接入与共享能力/工具选型与接入调查/BEH_控制工具调研与源码调查任务单_v1.0_2026-09-17.md,da0b4f79fd046f08a16ccc31e875ce8388594478be1c663629c4a9bfa0389af9,24504,保留
Git包恢复,工具接入与共享能力/能力索引.md,5f53589971eb43218c1ca1f62d8940dc640715d58e16a4b5ec9f8900ae14aabc,工具接入与共享能力/能力索引.md,5f53589971eb43218c1ca1f62d8940dc640715d58e16a4b5ec9f8900ae14aabc,2069,保留
Git包恢复,总览与规则/GitHub接入状态.md,8e546164a3ecc4bf2b2e31332154431894c48713495fcc3ad901b0d3f2ce1898,总览与规则/GitHub接入状态.md,db5ddb377c428b70ec9fcb8bb7eaa87d3777f8922fc4a28c1e4e3cf70ba79e9b,1910,保留；已调整导航/现行记录，原输入仍由来源包或历史版本保留
Git包恢复,总览与规则/README.md,2e493fea18a51896fff4aaf1a9ba3b5576f454d3ca10c9c7692543ddb79a7f86,总览与规则/README.md,268d7fb4da0dcb0cb0a9b3cd9d4ff7573a07c5ce12f6d22dbd15c8ff3afcaddf,1059,保留；已调整导航/现行记录，原输入仍由来源包或历史版本保留
Git包恢复,总览与规则/参考规范/01_项目章程_目标范围与非目标_v1.0.md,920c7929b02a4aab1fa13e29cd1e94eeb716c0bcbb5c87f321ae3fd0919f5d77,总览与规则/参考规范/01_项目章程_目标范围与非目标_v1.0.md,920c7929b02a4aab1fa13e29cd1e94eeb716c0bcbb5c87f321ae3fd0919f5d77,3338,保留
Git包恢复,总览与规则/参考规范/02A_按事实域划分的证据可信度矩阵_v1.0.md,f29d3f035666231131558be8663ef657d96cc68f4fff1dd07556676af4ef02a8,总览与规则/参考规范/02A_按事实域划分的证据可信度矩阵_v1.0.md,f29d3f035666231131558be8663ef657d96cc68f4fff1dd07556676af4ef02a8,12550,保留
Git包恢复,总览与规则/参考规范/02_术语_事实源与信任边界_v1.0.md,0f4f6502900cbb69ba0b69bb8898c62ec9e69c1a67b4c0d2432f0910c961e3d2,总览与规则/参考规范/02_术语_事实源与信任边界_v1.0.md,0f4f6502900cbb69ba0b69bb8898c62ec9e69c1a67b4c0d2432f0910c961e3d2,6416,保留
Git包恢复,总览与规则/参考规范/03_总体软件架构与关键决策_v1.0.md,0e457ecd412df7800720bf251d5821c4b781a56cad5d99eb92bbdb73bfb9017e,总览与规则/参考规范/03_总体软件架构与关键决策_v1.0.md,0e457ecd412df7800720bf251d5821c4b781a56cad5d99eb92bbdb73bfb9017e,4606,保留
Git包恢复,总览与规则/参考规范/04_代码仓与目录架构_v1.0.md,f59d5ece56d5c32fb86dd117f04293bb88c135acdf0f8efacab124d2af32da67,总览与规则/参考规范/04_代码仓与目录架构_v1.0.md,f59d5ece56d5c32fb86dd117f04293bb88c135acdf0f8efacab124d2af32da67,3153,保留
Git包恢复,总览与规则/参考规范/17_测试总策略与阶段质量门禁_v1.0.md,0acbae342d732e359632d313cc5619af4ddecc61dd50cd34f28a9569ab7db63e,总览与规则/参考规范/17_测试总策略与阶段质量门禁_v1.0.md,0acbae342d732e359632d313cc5619af4ddecc61dd50cd34f28a9569ab7db63e,3545,保留
Git包恢复,总览与规则/参考规范/20_大项目性能_稳定性与安全测试_v1.0.md,5bc3830f1bae56f10f036fd35a7b9f9c332fa646e913a37f3da5fab08ae67f3c,总览与规则/参考规范/20_大项目性能_稳定性与安全测试_v1.0.md,5bc3830f1bae56f10f036fd35a7b9f9c332fa646e913a37f3da5fab08ae67f3c,2593,保留
Git包恢复,总览与规则/参考规范/21_DeepSeekV4Flash_GLM5_2_Harness工程规范_v1.0.md,4fe70084f33eaeff8eda943da2e2baec90cfcc38d680a8b861e1a1f59d816adc,总览与规则/参考规范/21_DeepSeekV4Flash_GLM5_2_Harness工程规范_v1.0.md,4fe70084f33eaeff8eda943da2e2baec90cfcc38d680a8b861e1a1f59d816adc,3382,保留
Git包恢复,总览与规则/参考规范/24_证据优先_禁止硬凑与防补丁原则_v1.0.md,36b5ee146321737dd789b8b911a9e817fd172c1be27dd8b2e9a0b0cdf69c7168,总览与规则/参考规范/24_证据优先_禁止硬凑与防补丁原则_v1.0.md,36b5ee146321737dd789b8b911a9e817fd172c1be27dd8b2e9a0b0cdf69c7168,2399,保留
Git包恢复,总览与规则/参考规范/25_模型任务SOP与输出Schema执行规范_v1.0.md,5821c9dbebe7997967b00c1dfafa75ea78f2d21d0d5d2366701ba3e75998f5eb,总览与规则/参考规范/25_模型任务SOP与输出Schema执行规范_v1.0.md,5821c9dbebe7997967b00c1dfafa75ea78f2d21d0d5d2366701ba3e75998f5eb,1547,保留
Git包恢复,总览与规则/后续推进.md,71ab8b7e115eb5e0339638249a5b9f307eb90131ded0e7c5cc6c44eb831afd7f,总览与规则/后续推进.md,b2827a4a75763fa1d063b980a5d650502663f5ae9f4d766fef5631cf0c793795,3601,保留；已调整导航/现行记录，原输入仍由来源包或历史版本保留
Git包恢复,总览与规则/归档与同步规则.md,38444898e7ec3e6f347be62e6925832a287a3c83a377d8d7be8d05ba7398417f,总览与规则/归档与同步规则.md,971bc29983f7059cefadd9502e6ee4ffe205454b1f7cabc00f8b2c31e0e0d25c,5425,保留；已调整导航/现行记录，原输入仍由来源包或历史版本保留
Git包恢复,总览与规则/数据契约索引.md,3453c1ce379f9574d6be39851aa0e63ffd29775fba34e8acc9fc67970ab3db79,总览与规则/数据契约索引.md,3453c1ce379f9574d6be39851aa0e63ffd29775fba34e8acc9fc67970ab3db79,1283,保留
Git包恢复,总览与规则/整理验收记录.md,5861bbd86779e79c3155b1164f667564d3ac921ad099ff430f5cb0cd3a6ea3e4,总览与规则/整理验收记录.md,bce1cf7371565d9decbc857b43ee5dcbec0de7b45f52b8461afe4371bfd2c086,6665,保留；已调整导航/现行记录，原输入仍由来源包或历史版本保留
Git包恢复,总览与规则/资料索引.md,0fcf5eed60be2bd62662d0b227e0567dc699bad899198bc64a8c2fc36fe98f3f,总览与规则/资料索引.md,26945abb035e6c2e1a8d7f6bab3fef2d3a6e80504302e8f9b1fae982067ccfd7,38364,保留；已调整导航/现行记录，原输入仍由来源包或历史版本保留
Git包恢复,总览与规则/资料迁移清单.csv,fadb291dfc0ac7155f9f5825cb83c45506c9fcc82047ddeb7af554a391c1ab97,总览与规则/资料迁移清单.csv,fadb291dfc0ac7155f9f5825cb83c45506c9fcc82047ddeb7af554a391c1ab97,53610,保留
Git包恢复,总览与规则/资料迁移清单.json,7e7a81662231c5a325238316cdd5042d7b1a78e3f815a67e0b333e79f9535d04,历史资料/迁移记录/2026-09-17/资料迁移清单.json,7e7a81662231c5a325238316cdd5042d7b1a78e3f815a67e0b333e79f9535d04,88867,归档/调整位置
Git包恢复,网页工作台/00_网页工作台_模块入口.md,fb8c5730b47069b80d20b5666f6c8344774224c6a03fa8410554261ebcc75073,网页工作台/00_网页工作台_模块入口.md,fb8c5730b47069b80d20b5666f6c8344774224c6a03fa8410554261ebcc75073,2536,保留
Git包恢复,网页工作台/README.md,35bdde5c06a257a2d50e9fd90ea91b70638e2c32e159480be26a67c3476f5eee,网页工作台/README.md,fedecd6ede880d129e045582e41af1a79f75eb6850ad6dfbb6fec6b5077666e3,3132,保留；已调整导航/现行记录，原输入仍由来源包或历史版本保留
Git包恢复,网页工作台/历史参考图/BEH AI 工坊：车辆控制数据流联动.png,0dedc02d04e870880f6003b1fa8c8202ed4bade89c4133245a68fa4c04f2cccf,网页工作台/历史参考图/BEH AI 工坊：车辆控制数据流联动.png,0dedc02d04e870880f6003b1fa8c8202ed4bade89c4133245a68fa4c04f2cccf,1725450,保留
Git包恢复,网页工作台/历史参考图/BEH人机协同平台架构总览.png,d8c8503def2f221a089855207068c770001ec474aafa9a2e235a3d6bb2a4d0a4,网页工作台/历史参考图/BEH人机协同平台架构总览.png,d8c8503def2f221a089855207068c770001ec474aafa9a2e235a3d6bb2a4d0a4,1841107,保留
Git包恢复,网页工作台/历史参考图/BEH分析器动态数据流仪表盘.png,817abce7542ec367ae8cc8f372946c4bb93c73dae64e588781b2e0c1a5757559,网页工作台/历史参考图/BEH分析器动态数据流仪表盘.png,817abce7542ec367ae8cc8f372946c4bb93c73dae64e588781b2e0c1a5757559,1706966,保留
Git包恢复,网页工作台/参考规范/07_阶段1_Web查看圈选与任务导出MVP_v1.0.md,e94db2d420516229aef749703a90eac2b01cd80409a5bb127b2bcf88775b1fe4,网页工作台/参考规范/07_阶段1_Web查看圈选与任务导出MVP_v1.0.md,e94db2d420516229aef749703a90eac2b01cd80409a5bb127b2bcf88775b1fe4,2543,保留
Git包恢复,网页工作台/参考规范/14_Selection_Annotation_Intent数据契约_v1.0.md,a30880e5023c43b38f4fff45d02dc82dc82e835ffd8fc1178fb31f9863a0e06a,网页工作台/参考规范/14_Selection_Annotation_Intent数据契约_v1.0.md,a30880e5023c43b38f4fff45d02dc82dc82e835ffd8fc1178fb31f9863a0e06a,2546,保留
Git包恢复,网页工作台/参考规范/18_Playwright端到端测试设计_v1.0.md,472a27393ea2a610d63e82cc0efce2252740a2864ef002fcaf83e8431e30639f,网页工作台/参考规范/18_Playwright端到端测试设计_v1.0.md,472a27393ea2a610d63e82cc0efce2252740a2864ef002fcaf83e8431e30639f,3191,保留
Git包恢复,网页工作台/参考规范/19_Golden样本_回归数据集与原生BEH对照_v1.0.md,a5d4fdcf2a9be3d894c404b49836c6296418492db819b5ac4075182b58d9f27c,网页工作台/参考规范/19_Golden样本_回归数据集与原生BEH对照_v1.0.md,a5d4fdcf2a9be3d894c404b49836c6296418492db819b5ac4075182b58d9f27c,2357,保留
Git包恢复,网页工作台/参考规范/26_Web信息架构与画布优先交互设计_v1.0.md,115025fd64f845f6ccef4482ba042563176cbad466a77f1bdec3d020005ac3ba,网页工作台/参考规范/26_Web信息架构与画布优先交互设计_v1.0.md,115025fd64f845f6ccef4482ba042563176cbad466a77f1bdec3d020005ac3ba,3414,保留
Git包恢复,网页工作台/参考规范/28_Web画布交互行为契约_v1.0.md,20f7720d884896f19c1686b71aba66ea533f4b44e5bdb060d00ac4e2ee54194e,网页工作台/参考规范/28_Web画布交互行为契约_v1.0.md,20f7720d884896f19c1686b71aba66ea533f4b44e5bdb060d00ac4e2ee54194e,7122,保留
Git包恢复,网页工作台/参考规范/29_HumanAcceptanceGolden与TestOracle规范_v1.0.md,275f9e38e741afefd1fb41e99e31e5d35c868718969dde2e1aa6767198f84b3c,网页工作台/参考规范/29_HumanAcceptanceGolden与TestOracle规范_v1.0.md,275f9e38e741afefd1fb41e99e31e5d35c868718969dde2e1aa6767198f84b3c,3589,保留
Git包恢复,网页工作台/参考规范/30_Playwright连续交互_状态机与Viewport测试规范_v1.0.md,e112b66156ccc3d504cecf23c036aad4d45bdbf8abf1e75312605226cfdc0a46,网页工作台/参考规范/30_Playwright连续交互_状态机与Viewport测试规范_v1.0.md,e112b66156ccc3d504cecf23c036aad4d45bdbf8abf1e75312605226cfdc0a46,4001,保留
Git包恢复,网页工作台/参考规范/31_NativeScene视觉保真与Arrow_Port_Relation验收规范_v1.0.md,ddb5bf14ff5737d56a2e9513ea2dda688924d4ba36df9f80292c7d55909e9c20,网页工作台/参考规范/31_NativeScene视觉保真与Arrow_Port_Relation验收规范_v1.0.md,ddb5bf14ff5737d56a2e9513ea2dda688924d4ba36df9f80292c7d55909e9c20,3454,保留
Git包恢复,网页工作台/参考规范/32_当前交互缺陷_HumanGolden验收案例_v1.0.md,31d90d02686dcdf4133a6e9f7632260d21f3d079cb9f0681384a1baae0e50228,网页工作台/参考规范/32_当前交互缺陷_HumanGolden验收案例_v1.0.md,31d90d02686dcdf4133a6e9f7632260d21f3d079cb9f0681384a1baae0e50228,3200,保留
Git包恢复,问题定位与修复/README.md,351849f69e25a9c7b679d5696b808368e28d8da0d373eef8dd59ecf66188b1c6,问题定位与修复/README.md,0458a60dbf90a940b66d376abfa2f96ee83da1cdd70926701ad1e67a5fefee31,2759,保留；已调整导航/现行记录，原输入仍由来源包或历史版本保留
Git包恢复,问题定位与修复/定位材料模板.md,af789ecbb18db44e8818d32267303182a801a1a9d881c291093ff4809911534b,问题定位与修复/定位材料模板.md,af789ecbb18db44e8818d32267303182a801a1a9d881c291093ff4809911534b,1108,保留
当前工作区,Windows与WSL开发环境/01_WSL与磁盘现状只读探查_AI任务书.md,1470b611b35c698788eb05fdd3129a2535bf34d6f414aa8c178019fadeec8a4e,Windows与WSL开发环境/01_WSL与磁盘现状只读探查_AI任务书.md,f854b2a3951ebbe9add465bed683bfa3639b8ecaa9d86391fd1fe78db22dd5d3,17869,保留当前版本
当前工作区,Windows与WSL开发环境/02_多仓多镜像目标部署与迁移实施指南.md,fa420fed1c53f24acffa3395c541800cddd1f0eef76315eb0fd9ce10adc68d02,Windows与WSL开发环境/02_多仓多镜像目标部署与迁移实施指南.md,586593ca1e603cb0f29733eff0a49f4621cd71323e1c42294a4f3a66e7b08118,18844,保留当前版本
当前工作区,Windows与WSL开发环境/03_Mutagen_Windows与WSL双向同步详细使用指南.md,a2db35c92b2e92612c7899c917cd91917b7b7fbe358c139d5c2a8b778fab9a5b,Windows与WSL开发环境/03_Mutagen_Windows与WSL双向同步详细使用指南.md,77c4bb166e6373e16c6ae79fc0a6527251da0f4ec1fa46f4ea918ca4b6ac7886,39264,保留当前版本
当前工作区,产品与EMAP事实探查/产品与EMAP_CodeQL全链路追踪与机制诊断_上板实施指南_v1.0_2026-09-17.md,ed2d1ad1df71566b6a0049492db295d6f758431ecf64dbee1b70768b34658082,产品与EMAP事实探查/产品与EMAP_CodeQL全链路追踪与机制诊断_上板实施指南_v1.0_2026-09-17.md,ca5efb867a04e15ad443c007de49740ae642437d1c6bf5966bbc80aa07076add,50214,保留当前版本
当前工作区,产品与EMAP事实探查/产品多核与BEH架构背景记录_v1.0_2026-09-17.md,78cc6064cd865114734acfd300ad5e56b1399d30297bf28a2791f85b667a1133,产品与EMAP事实探查/产品多核与BEH架构背景记录_v1.0_2026-09-17.md,03f76b61844a941aa3b53bc1a5cc9798ac26d30a7e34bc6bd5880b66f1a75ddc,13920,保留当前版本
当前工作区,产品与EMAP事实探查/成熟工具增强事实探查/00_总入口与执行约定.md,19858e8e4fd967af9ef680037daa9f69874e96d78727911d1d874b5597bae2dd,产品与EMAP事实探查/成熟工具增强事实探查/00_总入口与执行约定.md,2a7be343aaab8ad87230a6f43dc002fae8a158f461cdab8e2500f8aaf36a67f4,16615,保留当前版本
当前工作区,产品与EMAP事实探查/成熟工具增强事实探查/01_产品仓事实探查任务书.md,1ea018cd2f418956598ec814d14abca793e8e721e76fbff528a3f054cc4b2af5,产品与EMAP事实探查/成熟工具增强事实探查/01_产品仓事实探查任务书.md,5fae5302cac789247fe553f49028f3bd7fafbe1dcbb14e23a3821f07829e55b3,8501,保留当前版本
当前工作区,产品与EMAP事实探查/成熟工具增强事实探查/02_EMAP仓事实探查任务书.md,d43e7b84bf7f373527588a9d63699b5121971204b3c25e890a552494dac871fd,产品与EMAP事实探查/成熟工具增强事实探查/02_EMAP仓事实探查任务书.md,9041a030eec2141dd9a4a01cfdfe28b5f21b70e71587b134ec3755d156a44582,6774,保留当前版本
当前工作区,产品与EMAP事实探查/成熟工具增强事实探查/03_双仓关联核对与事实验收.md,704240fada0ffee1d05b43285c9b7fee8ca3646ad61764078bb2382d81100b67,产品与EMAP事实探查/成熟工具增强事实探查/03_双仓关联核对与事实验收.md,26696a401276b2dfe063d2020fa45e03ba4a68c95870081ae448fa0ca68783ff,8967,保留当前版本
当前工作区,产品与EMAP事实探查/成熟工具增强事实探查/04_证据与结果记录模板.md,e6cbd6b7fd5d0b152ddd735958e3ac350bc2d8516aaf1b95d3b39a8d19814254,产品与EMAP事实探查/成熟工具增强事实探查/04_证据与结果记录模板.md,dd55dc58d8549445c184d9c3fbed74bf62757992959c09effc1cbf7c4610485e,12519,保留当前版本
当前工作区,产品与EMAP事实探查/成熟工具增强事实探查/05_成熟工具执行手册.md,acb5e08bcc91e8809ce88193fdc49269eecb6ece10d9cf563f58f44d8487f817,产品与EMAP事实探查/成熟工具增强事实探查/05_成熟工具执行手册.md,23c6d2f0d31f048ef49959fdcd9c2a66c57108f5be68ab6d6dd883bf1de92a3c,1222,保留当前版本
当前工作区,产品与EMAP事实探查/成熟工具增强事实探查/06_本地AI执行与续接.md,bdf03d48a56ef8e4b46f557b3dfb3bb0482d703469e9c7c2d1523e8d14714cf9,产品与EMAP事实探查/成熟工具增强事实探查/06_本地AI执行与续接.md,393babb6dfcb208c6b854ed85e531a301c1dcea1d53d220bd0b3207b1b063268,9116,保留当前版本
当前工作区,产品与EMAP事实探查/成熟工具增强事实探查/07_验证记录与适用边界.md,b4d00cac7e74f5ec7793ba0afa3933eeb095329d2017d5efdcf6b84303e848bb,产品与EMAP事实探查/成熟工具增强事实探查/07_验证记录与适用边界.md,4b28be4a79f8e062436b8d1c790b408d70c9571827cdcc9575bf9b48810cedc0,9892,保留当前版本
当前工作区,产品与EMAP事实探查/成熟工具增强事实探查/08_工具盘点下载安装与存放指南.md,258925b6b611e519651097673c7844eb629b6bedc7fe94bbecbae46da099e0e8,产品与EMAP事实探查/成熟工具增强事实探查/08_工具盘点下载安装与存放指南.md,ed2d344d9178e00c4712f1dff5a289845bbfe746c41af8611847d383db3d4755,1238,保留当前版本
当前工作区,产品与EMAP事实探查/成熟工具增强事实探查/产品与EMAP_成熟工具增强事实探查任务包_v1.1_2026-09-18.zip,05d81a068574e308987411bdb17815134bdec08ef00975b7960ac7e1c8585697,交付包/历史版本/产品与EMAP事实探查/产品与EMAP_成熟工具增强事实探查任务包_v1.1_2026-09-18.zip,7afdc32d56240988856b14fc56630a2ccc403a46da1bebe63a8e8633ce7c5e7c,102611,移入交付/历史目录；已调整导航/现行记录，原输入仍由来源包或历史版本保留；工具归一修订时原字节移入历史交付区
当前工作区,产品与EMAP事实探查/普通事实探查（未指定成熟工具）/00_总入口与执行约定.md,deb5f1a949f5907c42107322a2074c3ec490fef9b1b43c92f8ac2b7fd52aec16,产品与EMAP事实探查/普通事实探查（未指定成熟工具）/00_总入口与执行约定.md,deb5f1a949f5907c42107322a2074c3ec490fef9b1b43c92f8ac2b7fd52aec16,13117,保留当前版本
当前工作区,产品与EMAP事实探查/普通事实探查（未指定成熟工具）/01_产品仓事实探查任务书.md,95b72425fb7abb1b89470a986e1582b90328988d4492eedd157fa57427f90c4c,产品与EMAP事实探查/普通事实探查（未指定成熟工具）/01_产品仓事实探查任务书.md,95b72425fb7abb1b89470a986e1582b90328988d4492eedd157fa57427f90c4c,11412,保留当前版本
当前工作区,产品与EMAP事实探查/普通事实探查（未指定成熟工具）/02_EMAP仓事实探查任务书.md,c7ad81891f3faa87592607b8258ff4ddb30f0cb04f88c2b3a6ea4a830f8bb43d,产品与EMAP事实探查/普通事实探查（未指定成熟工具）/02_EMAP仓事实探查任务书.md,c7ad81891f3faa87592607b8258ff4ddb30f0cb04f88c2b3a6ea4a830f8bb43d,10497,保留当前版本
当前工作区,产品与EMAP事实探查/普通事实探查（未指定成熟工具）/03_双仓关联核对与事实验收.md,fbb6695b3544db974309b77abf57afa604c1869429b795c4c457c86692a5565c,产品与EMAP事实探查/普通事实探查（未指定成熟工具）/03_双仓关联核对与事实验收.md,fbb6695b3544db974309b77abf57afa604c1869429b795c4c457c86692a5565c,10342,保留当前版本
当前工作区,产品与EMAP事实探查/普通事实探查（未指定成熟工具）/04_证据与结果记录模板.md,fa31e4b275cd84b700faf6c03086bb8e3c5b764e2f4a82d1b05ad7cdd883c003,产品与EMAP事实探查/普通事实探查（未指定成熟工具）/04_证据与结果记录模板.md,fa31e4b275cd84b700faf6c03086bb8e3c5b764e2f4a82d1b05ad7cdd883c003,16830,保留当前版本
当前工作区,产品与EMAP事实探查/普通事实探查（未指定成熟工具）/产品与EMAP_事实探查任务包_v1.0_2026-09-17.zip,94e57b653ed68103248fa0e1f847c1aafece8cbb406069c7b2ee8d761eff1463,交付包/专项包/产品与EMAP事实探查/产品与EMAP_事实探查任务包_v1.0_2026-09-17.zip,94e57b653ed68103248fa0e1f847c1aafece8cbb406069c7b2ee8d761eff1463,32004,移入交付/历史目录
当前工作区,产品研发与测试_AI统一工作区_完整Git包_2026-09-17.zip,126428e0f190d6a81df4a286011cb71f020560495e6ca20f84fe5fb765fbb25c,交付包/历史版本/统一工作区/产品研发与测试_AI统一工作区_完整Git包_2026-09-17.zip,126428e0f190d6a81df4a286011cb71f020560495e6ca20f84fe5fb765fbb25c,85844140,移入交付/历史目录
当前工作区,产品研发与测试_AI统一工作区_完整文件夹_2026-09-18.zip,f3665209e51e84b312c564707fb41859c521e45dde288f716159c695bd008760,交付包/历史版本/统一工作区/产品研发与测试_AI统一工作区_完整文件夹_2026-09-18.zip,f3665209e51e84b312c564707fb41859c521e45dde288f716159c695bd008760,86062413,移入交付/历史目录
当前工作区,本地工作区整理完成说明_2026-09-17.md,699203aa928e7a72c2180ccbe0eff6245b4600e4d253f53baeec8e8202cbe2ac,历史资料/迁移记录/2026-09-17/本地工作区整理完成说明_2026-09-17.md,699203aa928e7a72c2180ccbe0eff6245b4600e4d253f53baeec8e8202cbe2ac,2886,移入交付/历史目录
增强探查 v1.1 包,产品与EMAP_成熟工具增强事实探查任务包_v1.1_2026-09-18.zip!/产品与EMAP_成熟工具增强事实探查任务包_v1.1_2026-09-18/00_总入口与执行约定.md,19858e8e4fd967af9ef680037daa9f69874e96d78727911d1d874b5597bae2dd,产品与EMAP事实探查/成熟工具增强事实探查/00_总入口与执行约定.md,2a7be343aaab8ad87230a6f43dc002fae8a158f461cdab8e2500f8aaf36a67f4,16615,包内文件与当前散文件一致，复用
增强探查 v1.1 包,产品与EMAP_成熟工具增强事实探查任务包_v1.1_2026-09-18.zip!/产品与EMAP_成熟工具增强事实探查任务包_v1.1_2026-09-18/01_产品仓事实探查任务书.md,1ea018cd2f418956598ec814d14abca793e8e721e76fbff528a3f054cc4b2af5,产品与EMAP事实探查/成熟工具增强事实探查/01_产品仓事实探查任务书.md,5fae5302cac789247fe553f49028f3bd7fafbe1dcbb14e23a3821f07829e55b3,8501,包内文件与当前散文件一致，复用
增强探查 v1.1 包,产品与EMAP_成熟工具增强事实探查任务包_v1.1_2026-09-18.zip!/产品与EMAP_成熟工具增强事实探查任务包_v1.1_2026-09-18/02_EMAP仓事实探查任务书.md,d43e7b84bf7f373527588a9d63699b5121971204b3c25e890a552494dac871fd,产品与EMAP事实探查/成熟工具增强事实探查/02_EMAP仓事实探查任务书.md,9041a030eec2141dd9a4a01cfdfe28b5f21b70e71587b134ec3755d156a44582,6774,包内文件与当前散文件一致，复用
增强探查 v1.1 包,产品与EMAP_成熟工具增强事实探查任务包_v1.1_2026-09-18.zip!/产品与EMAP_成熟工具增强事实探查任务包_v1.1_2026-09-18/03_双仓关联核对与事实验收.md,704240fada0ffee1d05b43285c9b7fee8ca3646ad61764078bb2382d81100b67,产品与EMAP事实探查/成熟工具增强事实探查/03_双仓关联核对与事实验收.md,26696a401276b2dfe063d2020fa45e03ba4a68c95870081ae448fa0ca68783ff,8967,包内文件与当前散文件一致，复用
增强探查 v1.1 包,产品与EMAP_成熟工具增强事实探查任务包_v1.1_2026-09-18.zip!/产品与EMAP_成熟工具增强事实探查任务包_v1.1_2026-09-18/04_证据与结果记录模板.md,e6cbd6b7fd5d0b152ddd735958e3ac350bc2d8516aaf1b95d3b39a8d19814254,产品与EMAP事实探查/成熟工具增强事实探查/04_证据与结果记录模板.md,dd55dc58d8549445c184d9c3fbed74bf62757992959c09effc1cbf7c4610485e,12519,包内文件与当前散文件一致，复用
增强探查 v1.1 包,产品与EMAP_成熟工具增强事实探查任务包_v1.1_2026-09-18.zip!/产品与EMAP_成熟工具增强事实探查任务包_v1.1_2026-09-18/05_成熟工具执行手册.md,acb5e08bcc91e8809ce88193fdc49269eecb6ece10d9cf563f58f44d8487f817,产品与EMAP事实探查/成熟工具增强事实探查/05_成熟工具执行手册.md,23c6d2f0d31f048ef49959fdcd9c2a66c57108f5be68ab6d6dd883bf1de92a3c,1222,包内文件与当前散文件一致，复用
增强探查 v1.1 包,产品与EMAP_成熟工具增强事实探查任务包_v1.1_2026-09-18.zip!/产品与EMAP_成熟工具增强事实探查任务包_v1.1_2026-09-18/06_本地AI执行与续接.md,bdf03d48a56ef8e4b46f557b3dfb3bb0482d703469e9c7c2d1523e8d14714cf9,产品与EMAP事实探查/成熟工具增强事实探查/06_本地AI执行与续接.md,393babb6dfcb208c6b854ed85e531a301c1dcea1d53d220bd0b3207b1b063268,9116,包内文件与当前散文件一致，复用
增强探查 v1.1 包,产品与EMAP_成熟工具增强事实探查任务包_v1.1_2026-09-18.zip!/产品与EMAP_成熟工具增强事实探查任务包_v1.1_2026-09-18/07_验证记录与适用边界.md,b4d00cac7e74f5ec7793ba0afa3933eeb095329d2017d5efdcf6b84303e848bb,产品与EMAP事实探查/成熟工具增强事实探查/07_验证记录与适用边界.md,4b28be4a79f8e062436b8d1c790b408d70c9571827cdcc9575bf9b48810cedc0,9892,包内文件与当前散文件一致，复用
增强探查 v1.1 包,产品与EMAP_成熟工具增强事实探查任务包_v1.1_2026-09-18.zip!/产品与EMAP_成熟工具增强事实探查任务包_v1.1_2026-09-18/08_工具盘点下载安装与存放指南.md,258925b6b611e519651097673c7844eb629b6bedc7fe94bbecbae46da099e0e8,产品与EMAP事实探查/成熟工具增强事实探查/08_工具盘点下载安装与存放指南.md,ed2d344d9178e00c4712f1dff5a289845bbfe746c41af8611847d383db3d4755,1238,包内文件与当前散文件一致，复用
增强探查 v1.1 包,产品与EMAP_成熟工具增强事实探查任务包_v1.1_2026-09-18.zip!/产品与EMAP_成熟工具增强事实探查任务包_v1.1_2026-09-18/PACKAGE_MANIFEST.json,9b3f15828d46cb2f38f2bd6f1a1dd0bc27b09af19b7b43bba096016deab916c7,产品与EMAP事实探查/成熟工具增强事实探查/PACKAGE_MANIFEST.json,a85a74a47ec04d55592e231728179f3690869b9cd8ac9a1038911a901c13d008,9338,展开补齐；已调整导航/现行记录，原输入仍由来源包或历史版本保留
增强探查 v1.1 包,产品与EMAP_成熟工具增强事实探查任务包_v1.1_2026-09-18.zip!/产品与EMAP_成熟工具增强事实探查任务包_v1.1_2026-09-18/config/execution.example.json,1cdbf1c0f56b3113a3cb4ad30a5605b6638e95e7c3d2733744ee99b9e5d113c2,产品与EMAP事实探查/成熟工具增强事实探查/config/execution.example.json,1cdbf1c0f56b3113a3cb4ad30a5605b6638e95e7c3d2733744ee99b9e5d113c2,1570,展开补齐
增强探查 v1.1 包,产品与EMAP_成熟工具增强事实探查任务包_v1.1_2026-09-18.zip!/产品与EMAP_成熟工具增强事实探查任务包_v1.1_2026-09-18/config/project.example.json,e3080512b8b43f52b0e15e26c3591332a8947194d69d9fee544f77be769603af,产品与EMAP事实探查/成熟工具增强事实探查/config/project.example.json,e3080512b8b43f52b0e15e26c3591332a8947194d69d9fee544f77be769603af,1650,展开补齐
增强探查 v1.1 包,产品与EMAP_成熟工具增强事实探查任务包_v1.1_2026-09-18.zip!/产品与EMAP_成熟工具增强事实探查任务包_v1.1_2026-09-18/config/workflow.json,03b91145c5cb6b3accf333673757c824d0bfb53b0b85c4c384d8906ee45cfbe7,产品与EMAP事实探查/成熟工具增强事实探查/config/workflow.json,92e35c0c5cbca6dbb96677663d0bf581d6da219de96fdf368530d54d3dbeb0af,5176,展开补齐
增强探查 v1.1 包,产品与EMAP_成熟工具增强事实探查任务包_v1.1_2026-09-18.zip!/产品与EMAP_成熟工具增强事实探查任务包_v1.1_2026-09-18/queries/clang/definitions.matcher,fb7377cc62b824544f275e291e1fe905f9383c2d3280f2e8bf6c1fcea75aafa5,产品与EMAP事实探查/成熟工具增强事实探查/queries/clang/definitions.matcher,fb7377cc62b824544f275e291e1fe905f9383c2d3280f2e8bf6c1fcea75aafa5,95,展开补齐
增强探查 v1.1 包,产品与EMAP_成熟工具增强事实探查任务包_v1.1_2026-09-18.zip!/产品与EMAP_成熟工具增强事实探查任务包_v1.1_2026-09-18/queries/clang/named_calls.matcher,f03431f9851d93521a166030a57087f531b43ec560e2a4f0db0b73ca30a7caa1,产品与EMAP事实探查/成熟工具增强事实探查/queries/clang/named_calls.matcher,f03431f9851d93521a166030a57087f531b43ec560e2a4f0db0b73ca30a7caa1,108,展开补齐
增强探查 v1.1 包,产品与EMAP_成熟工具增强事实探查任务包_v1.1_2026-09-18.zip!/产品与EMAP_成熟工具增强事实探查任务包_v1.1_2026-09-18/queries/codeql/Q00_Definitions.ql,b20a79d308541addc8e73307298f6233676ffbf216aaf7f8a5a0116218d32c7e,产品与EMAP事实探查/成熟工具增强事实探查/queries/codeql/Q00_Definitions.ql,b20a79d308541addc8e73307298f6233676ffbf216aaf7f8a5a0116218d32c7e,353,展开补齐
增强探查 v1.1 包,产品与EMAP_成熟工具增强事实探查任务包_v1.1_2026-09-18.zip!/产品与EMAP_成熟工具增强事实探查任务包_v1.1_2026-09-18/queries/codeql/Q01_ExtractionErrors.ql,c815b9301076158fa594a7f376c6cca46559d7977d8f9e485f08416ad4c4259c,产品与EMAP事实探查/成熟工具增强事实探查/queries/codeql/Q01_ExtractionErrors.ql,c815b9301076158fa594a7f376c6cca46559d7977d8f9e485f08416ad4c4259c,294,展开补齐
增强探查 v1.1 包,产品与EMAP_成熟工具增强事实探查任务包_v1.1_2026-09-18.zip!/产品与EMAP_成熟工具增强事实探查任务包_v1.1_2026-09-18/queries/codeql/Q10_NamedCallBindings.ql,ca3fea132bdb43b4a8671bf987984cd5fb7aec44a64c718c4938d60ec9091b18,产品与EMAP事实探查/成熟工具增强事实探查/queries/codeql/Q10_NamedCallBindings.ql,ca3fea132bdb43b4a8671bf987984cd5fb7aec44a64c718c4938d60ec9091b18,614,展开补齐
增强探查 v1.1 包,产品与EMAP_成熟工具增强事实探查任务包_v1.1_2026-09-18.zip!/产品与EMAP_成熟工具增强事实探查任务包_v1.1_2026-09-18/queries/codeql/Q11_FunctionReferences.ql,5f19faba403fcb470452215b64af948ac6c899048808c00a60ff353b31dad517,产品与EMAP事实探查/成熟工具增强事实探查/queries/codeql/Q11_FunctionReferences.ql,5f19faba403fcb470452215b64af948ac6c899048808c00a60ff353b31dad517,481,展开补齐
增强探查 v1.1 包,产品与EMAP_成熟工具增强事实探查任务包_v1.1_2026-09-18.zip!/产品与EMAP_成熟工具增强事实探查任务包_v1.1_2026-09-18/queries/codeql/Q12_OtherCalls.ql,520a616f3c4623d7448e54a109cda75ccf382dcaf5b6aa0cb079e6095142207e,产品与EMAP事实探查/成熟工具增强事实探查/queries/codeql/Q12_OtherCalls.ql,520a616f3c4623d7448e54a109cda75ccf382dcaf5b6aa0cb079e6095142207e,334,展开补齐
增强探查 v1.1 包,产品与EMAP_成熟工具增强事实探查任务包_v1.1_2026-09-18.zip!/产品与EMAP_成熟工具增强事实探查任务包_v1.1_2026-09-18/queries/codeql/Q20_DirectVariableWrites.ql,c8c6121bee7c7546da6ffc609547c19844ee18245239872aa26253d036186a0b,产品与EMAP事实探查/成熟工具增强事实探查/queries/codeql/Q20_DirectVariableWrites.ql,c8c6121bee7c7546da6ffc609547c19844ee18245239872aa26253d036186a0b,472,展开补齐
增强探查 v1.1 包,产品与EMAP_成熟工具增强事实探查任务包_v1.1_2026-09-18.zip!/产品与EMAP_成熟工具增强事实探查任务包_v1.1_2026-09-18/queries/codeql/Q30_Conditions.ql,340b353ce7663ff86bdfa9e94d6c73a50d5015495bf23667b363c8c7c07a38c6,产品与EMAP事实探查/成熟工具增强事实探查/queries/codeql/Q30_Conditions.ql,340b353ce7663ff86bdfa9e94d6c73a50d5015495bf23667b363c8c7c07a38c6,288,展开补齐
增强探查 v1.1 包,产品与EMAP_成熟工具增强事实探查任务包_v1.1_2026-09-18.zip!/产品与EMAP_成熟工具增强事实探查任务包_v1.1_2026-09-18/queries/codeql/Scope.qll,4c3816bb7ae50801fb22749d5a5cf248aa3809c65fd8fdcf3fdf91e7b34cb0d7,产品与EMAP事实探查/成熟工具增强事实探查/queries/codeql/Scope.qll,4c3816bb7ae50801fb22749d5a5cf248aa3809c65fd8fdcf3fdf91e7b34cb0d7,319,展开补齐
增强探查 v1.1 包,产品与EMAP_成熟工具增强事实探查任务包_v1.1_2026-09-18.zip!/产品与EMAP_成熟工具增强事实探查任务包_v1.1_2026-09-18/queries/codeql/qlpack.yml,ce699280602173ab0dbe8e7d3da2b90dfca6dd9c4811015d87262c6f3cae9561,产品与EMAP事实探查/成熟工具增强事实探查/queries/codeql/qlpack.yml,ce699280602173ab0dbe8e7d3da2b90dfca6dd9c4811015d87262c6f3cae9561,87,展开补齐
增强探查 v1.1 包,产品与EMAP_成熟工具增强事实探查任务包_v1.1_2026-09-18.zip!/产品与EMAP_成熟工具增强事实探查任务包_v1.1_2026-09-18/scripts/check_workflow.py,2f377c2006ecdaff82134ee2f0eb3bef18b1b87320fd6c97afb016f366a8d42a,产品与EMAP事实探查/成熟工具增强事实探查/scripts/check_workflow.py,a3207eb46a4650ed9b9242d0f8dce71c3a4891a4b1030ba609eb63709cf8ce1a,11208,展开补齐
增强探查 v1.1 包,产品与EMAP_成熟工具增强事实探查任务包_v1.1_2026-09-18.zip!/产品与EMAP_成熟工具增强事实探查任务包_v1.1_2026-09-18/scripts/probe.py,fd0070770279d399c566097348d33d3c2e32d053b5dfb517d255c9cbb74d616b,产品与EMAP事实探查/成熟工具增强事实探查/scripts/probe.py,fd0070770279d399c566097348d33d3c2e32d053b5dfb517d255c9cbb74d616b,22331,展开补齐
增强探查 v1.1 包,产品与EMAP_成熟工具增强事实探查任务包_v1.1_2026-09-18.zip!/产品与EMAP_成熟工具增强事实探查任务包_v1.1_2026-09-18/scripts/run_codeql.py,972270d9dccd4b9be581029288c516923fddf69eba063b031bb756d44c44e3ae,产品与EMAP事实探查/成熟工具增强事实探查/scripts/run_codeql.py,972270d9dccd4b9be581029288c516923fddf69eba063b031bb756d44c44e3ae,4839,展开补齐
增强探查 v1.1 包,产品与EMAP_成熟工具增强事实探查任务包_v1.1_2026-09-18.zip!/产品与EMAP_成熟工具增强事实探查任务包_v1.1_2026-09-18/templates/acceptance.csv,d895b44928920aeb1c960939502e6effe951ba4ee0b997a56536e7e2d3b66f77,产品与EMAP事实探查/成熟工具增强事实探查/templates/acceptance.csv,d895b44928920aeb1c960939502e6effe951ba4ee0b997a56536e7e2d3b66f77,74,展开补齐
增强探查 v1.1 包,产品与EMAP_成熟工具增强事实探查任务包_v1.1_2026-09-18.zip!/产品与EMAP_成熟工具增强事实探查任务包_v1.1_2026-09-18/templates/gaps.csv,a6c3f3dfb188754f1e8d758fb6386d13415a97f8ef1f5d14bffb32670452a8af,产品与EMAP事实探查/成熟工具增强事实探查/templates/gaps.csv,a6c3f3dfb188754f1e8d758fb6386d13415a97f8ef1f5d14bffb32670452a8af,128,展开补齐
增强探查 v1.1 包,产品与EMAP_成熟工具增强事实探查任务包_v1.1_2026-09-18.zip!/产品与EMAP_成熟工具增强事实探查任务包_v1.1_2026-09-18/templates/ledger.example.json,a14b23176e11faa2a68e982d5c1aede613bb7df1c7596667f63ff4962e01226f,产品与EMAP事实探查/成熟工具增强事实探查/templates/ledger.example.json,a14b23176e11faa2a68e982d5c1aede613bb7df1c7596667f63ff4962e01226f,96,展开补齐
增强探查 v1.1 包,产品与EMAP_成熟工具增强事实探查任务包_v1.1_2026-09-18.zip!/产品与EMAP_成熟工具增强事实探查任务包_v1.1_2026-09-18/templates/mechanisms.csv,82deb1ee2f49569e5202996ac45ebd5f2a0a9a105c2ebeced8526f02456aa0a1,产品与EMAP事实探查/成熟工具增强事实探查/templates/mechanisms.csv,82deb1ee2f49569e5202996ac45ebd5f2a0a9a105c2ebeced8526f02456aa0a1,174,展开补齐
增强探查 v1.1 包,产品与EMAP_成熟工具增强事实探查任务包_v1.1_2026-09-18.zip!/产品与EMAP_成熟工具增强事实探查任务包_v1.1_2026-09-18/templates/relations.csv,598a8ed6c82fe2d4aa3d669ab1aa139c8ee09867d5165c6740e2260e337f00a6,产品与EMAP事实探查/成熟工具增强事实探查/templates/relations.csv,598a8ed6c82fe2d4aa3d669ab1aa139c8ee09867d5165c6740e2260e337f00a6,154,展开补齐
增强探查 v1.1 包,产品与EMAP_成熟工具增强事实探查任务包_v1.1_2026-09-18.zip!/产品与EMAP_成熟工具增强事实探查任务包_v1.1_2026-09-18/templates/targets.csv,13c66b3e2250c8524c5901315388ddd01e915219d9405a0959b03860eb1fe472,产品与EMAP事实探查/成熟工具增强事实探查/templates/targets.csv,13c66b3e2250c8524c5901315388ddd01e915219d9405a0959b03860eb1fe472,136,展开补齐
增强探查 v1.1 包,产品与EMAP_成熟工具增强事实探查任务包_v1.1_2026-09-18.zip!/产品与EMAP_成熟工具增强事实探查任务包_v1.1_2026-09-18/templates/tool-inventory.csv,475d8e7b0e5776856ec95f9f13e96286dbf61aae08b7c90b544b30739ddf4d75,产品与EMAP事实探查/成熟工具增强事实探查/templates/tool-inventory.csv,5b11f6c26206e13db0ce5188f8e0745797a4e3fa21c615a3f72e044aa7ffee14,239,展开补齐
增强探查 v1.1 包,产品与EMAP_成熟工具增强事实探查任务包_v1.1_2026-09-18.zip!/产品与EMAP_成熟工具增强事实探查任务包_v1.1_2026-09-18/tests/test_codeql_adapter.py,bbacfba6d3d595905bdf85974aa4b461905e34669bf6966e86137d2e80a1cee4,产品与EMAP事实探查/成熟工具增强事实探查/tests/test_codeql_adapter.py,bbacfba6d3d595905bdf85974aa4b461905e34669bf6966e86137d2e80a1cee4,3998,展开补齐
增强探查 v1.1 包,产品与EMAP_成熟工具增强事实探查任务包_v1.1_2026-09-18.zip!/产品与EMAP_成熟工具增强事实探查任务包_v1.1_2026-09-18/tests/test_probe.py,6b0925b53c644362dc831d2332949dece0df767c98768ddb7df35a47c0b61517,产品与EMAP事实探查/成熟工具增强事实探查/tests/test_probe.py,6b0925b53c644362dc831d2332949dece0df767c98768ddb7df35a47c0b61517,11223,展开补齐
增强探查 v1.1 包,产品与EMAP_成熟工具增强事实探查任务包_v1.1_2026-09-18.zip!/产品与EMAP_成熟工具增强事实探查任务包_v1.1_2026-09-18/tests/test_workflow.py,2e8e7ccfff5b6bbf169ee01be1194ea4e076d5d0c17d364ec58f7bbe40691933,产品与EMAP事实探查/成熟工具增强事实探查/tests/test_workflow.py,59b7af328f0d337981e3cde6c8bb93fbd1d6aa228275f7da58cc12731e49194d,9155,展开补齐
增强探查 v1.1 包,产品与EMAP_成熟工具增强事实探查任务包_v1.1_2026-09-18.zip!/产品与EMAP_成熟工具增强事实探查任务包_v1.1_2026-09-18/validation/direct-capture/stderr.txt,13af80029cdebb43998e63d7109fccbd50efa7f42c2ecfd67173c9d76dc01bfb,产品与EMAP事实探查/成熟工具增强事实探查/validation/direct-capture/stderr.txt,13af80029cdebb43998e63d7109fccbd50efa7f42c2ecfd67173c9d76dc01bfb,3381,展开补齐
增强探查 v1.1 包,产品与EMAP_成熟工具增强事实探查任务包_v1.1_2026-09-18.zip!/产品与EMAP_成熟工具增强事实探查任务包_v1.1_2026-09-18/validation/direct-capture/stdout.txt,e3b0c44298fc1c149afbf4c8996fb92427ae41e4649b934ca495991b7852b855,产品与EMAP事实探查/成熟工具增强事实探查/validation/direct-capture/stdout.txt,e3b0c44298fc1c149afbf4c8996fb92427ae41e4649b934ca495991b7852b855,0,展开补齐
增强探查 v1.1 包,产品与EMAP_成熟工具增强事实探查任务包_v1.1_2026-09-18.zip!/产品与EMAP_成熟工具增强事实探查任务包_v1.1_2026-09-18/validation/environment.json,9d11ad36613b83094fc12174db0d0fd6d856f861ce86add039062d15fbd363e9,产品与EMAP事实探查/成熟工具增强事实探查/validation/environment.json,9d11ad36613b83094fc12174db0d0fd6d856f861ce86add039062d15fbd363e9,1408,展开补齐
增强探查 v1.1 包,产品与EMAP_成熟工具增强事实探查任务包_v1.1_2026-09-18.zip!/产品与EMAP_成熟工具增强事实探查任务包_v1.1_2026-09-18/validation/recorder-output-check/run.json,658ffb9028239fe7fcb32e37e16fd8451cd871d7f01ceb818d019a39dbb36b7f,产品与EMAP事实探查/成熟工具增强事实探查/validation/recorder-output-check/run.json,658ffb9028239fe7fcb32e37e16fd8451cd871d7f01ceb818d019a39dbb36b7f,1083,展开补齐
增强探查 v1.1 包,产品与EMAP_成熟工具增强事实探查任务包_v1.1_2026-09-18.zip!/产品与EMAP_成熟工具增强事实探查任务包_v1.1_2026-09-18/validation/recorder-output-check/stderr.txt,d24ae6b3a795372743fddefcfd0d92a16832cea6f86fe8d0bec771cf91c6db60,产品与EMAP事实探查/成熟工具增强事实探查/validation/recorder-output-check/stderr.txt,d24ae6b3a795372743fddefcfd0d92a16832cea6f86fe8d0bec771cf91c6db60,12010,展开补齐
增强探查 v1.1 包,产品与EMAP_成熟工具增强事实探查任务包_v1.1_2026-09-18.zip!/产品与EMAP_成熟工具增强事实探查任务包_v1.1_2026-09-18/validation/recorder-output-check/stdout.txt,6fcb94944e140a7922075d89939b39c3e36edd81ad5d3c91bb79f97f2838d9aa,产品与EMAP事实探查/成熟工具增强事实探查/validation/recorder-output-check/stdout.txt,6fcb94944e140a7922075d89939b39c3e36edd81ad5d3c91bb79f97f2838d9aa,12010,展开补齐
增强探查 v1.1 包,产品与EMAP_成熟工具增强事实探查任务包_v1.1_2026-09-18.zip!/产品与EMAP_成熟工具增强事实探查任务包_v1.1_2026-09-18/validation/selftest/run.json,60e450d74548a933b1311ef54e7536565430686d4ce8e3c8dce030d4f9ed4969,产品与EMAP事实探查/成熟工具增强事实探查/validation/selftest/run.json,60e450d74548a933b1311ef54e7536565430686d4ce8e3c8dce030d4f9ed4969,2578,展开补齐
增强探查 v1.1 包,产品与EMAP_成熟工具增强事实探查任务包_v1.1_2026-09-18.zip!/产品与EMAP_成熟工具增强事实探查任务包_v1.1_2026-09-18/validation/selftest/stderr.txt,540d3f6b976e313f9660cf8600c56a39f986c264176bb6c782e4d2527537c142,产品与EMAP事实探查/成熟工具增强事实探查/validation/selftest/stderr.txt,540d3f6b976e313f9660cf8600c56a39f986c264176bb6c782e4d2527537c142,2062,展开补齐
增强探查 v1.1 包,产品与EMAP_成熟工具增强事实探查任务包_v1.1_2026-09-18.zip!/产品与EMAP_成熟工具增强事实探查任务包_v1.1_2026-09-18/validation/selftest/stdout.txt,e3b0c44298fc1c149afbf4c8996fb92427ae41e4649b934ca495991b7852b855,产品与EMAP事实探查/成熟工具增强事实探查/validation/selftest/stdout.txt,e3b0c44298fc1c149afbf4c8996fb92427ae41e4649b934ca495991b7852b855,0,展开补齐
增强探查 v1.1 包,产品与EMAP_成熟工具增强事实探查任务包_v1.1_2026-09-18.zip!/产品与EMAP_成熟工具增强事实探查任务包_v1.1_2026-09-18/validation/v1.1/package-check.json,d2d59324a9a66bccf89690901a575a312e08de31acb3743c9dffb64069b75298,产品与EMAP事实探查/成熟工具增强事实探查/validation/v1.1/package-check.json,d2d59324a9a66bccf89690901a575a312e08de31acb3743c9dffb64069b75298,146,展开补齐
增强探查 v1.1 包,产品与EMAP_成熟工具增强事实探查任务包_v1.1_2026-09-18.zip!/产品与EMAP_成熟工具增强事实探查任务包_v1.1_2026-09-18/validation/v1.1/unittest-stderr.txt,ac316b721cd5c9267816638c2e3e8a273a8dd9295afdb7a1dd677a860c608de8,产品与EMAP事实探查/成熟工具增强事实探查/validation/v1.1/unittest-stderr.txt,ac316b721cd5c9267816638c2e3e8a273a8dd9295afdb7a1dd677a860c608de8,5026,展开补齐
增强探查 v1.1 包,产品与EMAP_成熟工具增强事实探查任务包_v1.1_2026-09-18.zip!/产品与EMAP_成熟工具增强事实探查任务包_v1.1_2026-09-18/validation/v1.1/unittest-stdout.txt,e3b0c44298fc1c149afbf4c8996fb92427ae41e4649b934ca495991b7852b855,产品与EMAP事实探查/成熟工具增强事实探查/validation/v1.1/unittest-stdout.txt,e3b0c44298fc1c149afbf4c8996fb92427ae41e4649b934ca495991b7852b855,0,展开补齐
增强探查 v1.1 包,产品与EMAP_成熟工具增强事实探查任务包_v1.1_2026-09-18.zip!/产品与EMAP_成熟工具增强事实探查任务包_v1.1_2026-09-18/validation/v1.1/verification.json,d0cc9dd7a1e7e4a11ca1c37befb512eecbc50c107dade68596e55877d98f26c1,产品与EMAP事实探查/成熟工具增强事实探查/validation/v1.1/verification.json,d0cc9dd7a1e7e4a11ca1c37befb512eecbc50c107dade68596e55877d98f26c1,6735,展开补齐
增强探查 v1.1 包,产品与EMAP_成熟工具增强事实探查任务包_v1.1_2026-09-18.zip!/产品与EMAP_成熟工具增强事实探查任务包_v1.1_2026-09-18/validation/verification.json,6af41eca0343b6b388bdd276c5eed8953da2a05dd46f34133ebff21fdf26aa59,产品与EMAP事实探查/成熟工具增强事实探查/validation/verification.json,6af41eca0343b6b388bdd276c5eed8953da2a05dd46f34133ebff21fdf26aa59,1005,展开补齐
HPT v0.1.0 源码包,AI人工路径测试自动化_源码与安装包_v0.1.0.zip!/human-path-testing/README.md,bbd03489ce78fc54732a47a64013319c5cbb1bb0663b0077604b0676e62b8923,AI测试/网页人工路径/human-path-testing/README.md,bbd03489ce78fc54732a47a64013319c5cbb1bb0663b0077604b0676e62b8923,7293,展开补齐
HPT v0.1.0 源码包,AI人工路径测试自动化_源码与安装包_v0.1.0.zip!/human-path-testing/dist/.gitignore,684888c0ebb17f374298b65ee2807526c066094c701bcc7ebbe1c1095f494fc1,AI测试/网页人工路径/human-path-testing/dist/.gitignore,684888c0ebb17f374298b65ee2807526c066094c701bcc7ebbe1c1095f494fc1,1,展开补齐
HPT v0.1.0 源码包,AI人工路径测试自动化_源码与安装包_v0.1.0.zip!/human-path-testing/dist/human_path_testing-0.1.0-py3-none-any.whl,66c496a1c728f97cc5a98332a3d3db5fba8f264cee7707faea66f9041803bd3c,AI测试/网页人工路径/human-path-testing/dist/human_path_testing-0.1.0-py3-none-any.whl,66c496a1c728f97cc5a98332a3d3db5fba8f264cee7707faea66f9041803bd3c,33438,展开补齐
HPT v0.1.0 源码包,AI人工路径测试自动化_源码与安装包_v0.1.0.zip!/human-path-testing/docs/00_总体架构设计_多模态探路与人工路径验证_v0.1_2026-09-13.md,6aef2b08ed69631e9973c696318cf386ba58d3c078ad8d3c309653a6cbae2b9f,AI测试/网页人工路径/human-path-testing/docs/00_总体架构设计_多模态探路与人工路径验证_v0.1_2026-09-13.md,6aef2b08ed69631e9973c696318cf386ba58d3c078ad8d3c309653a6cbae2b9f,32658,展开补齐
HPT v0.1.0 源码包,AI人工路径测试自动化_源码与安装包_v0.1.0.zip!/human-path-testing/docs/01_使用与接入指南.md,1b7aba2fd08302bc7dacf71ac6f05bc93d54c966e2290b55be0f84b699af3378,AI测试/网页人工路径/human-path-testing/docs/01_使用与接入指南.md,1b7aba2fd08302bc7dacf71ac6f05bc93d54c966e2290b55be0f84b699af3378,9615,展开补齐
HPT v0.1.0 源码包,AI人工路径测试自动化_源码与安装包_v0.1.0.zip!/human-path-testing/docs/02_实现说明与边界.md,8c1152e67d015725e7bce3faf4224fcbc8d004e0b7ff06fff889c16f97f022c6,AI测试/网页人工路径/human-path-testing/docs/02_实现说明与边界.md,8c1152e67d015725e7bce3faf4224fcbc8d004e0b7ff06fff889c16f97f022c6,6769,展开补齐
HPT v0.1.0 源码包,AI人工路径测试自动化_源码与安装包_v0.1.0.zip!/human-path-testing/docs/03_实际验证报告.md,880a410cf67e8e53b4b8bbe65fad554c7b0ff17f35ca8f637e38cb34a130c3da,AI测试/网页人工路径/human-path-testing/docs/03_实际验证报告.md,880a410cf67e8e53b4b8bbe65fad554c7b0ff17f35ca8f637e38cb34a130c3da,7352,展开补齐
HPT v0.1.0 源码包,AI人工路径测试自动化_源码与安装包_v0.1.0.zip!/human-path-testing/docs/AI人工路径测试自动化_架构设计与MVP实施方案_v1.0_2026-09-13.md,820635c532bd44562ca5ce4ad2f6d341c7970fb46631f874db0925322cbbae1a,AI测试/网页人工路径/human-path-testing/docs/AI人工路径测试自动化_架构设计与MVP实施方案_v1.0_2026-09-13.md,820635c532bd44562ca5ce4ad2f6d341c7970fb46631f874db0925322cbbae1a,68369,展开补齐
HPT v0.1.0 源码包,AI人工路径测试自动化_源码与安装包_v0.1.0.zip!/human-path-testing/examples/authored/cancel/behavior.json,bd507f8a00a5c2149aad07c283ad0e1947a49ad5663b6e9cc856c8ab67d671c9,AI测试/网页人工路径/human-path-testing/examples/authored/cancel/behavior.json,bd507f8a00a5c2149aad07c283ad0e1947a49ad5663b6e9cc856c8ab67d671c9,8386,展开补齐
HPT v0.1.0 源码包,AI人工路径测试自动化_源码与安装包_v0.1.0.zip!/human-path-testing/examples/authored/cancel/environment.json,a75008717d58be199d2f7d20d36abaeb76eea8b2484475c8a1c553f20aa66c91,AI测试/网页人工路径/human-path-testing/examples/authored/cancel/environment.json,a75008717d58be199d2f7d20d36abaeb76eea8b2484475c8a1c553f20aa66c91,314,展开补齐
HPT v0.1.0 源码包,AI人工路径测试自动化_源码与安装包_v0.1.0.zip!/human-path-testing/examples/authored/cancel/inputs.json,05b09ac837e8563bc69145ed5b9aebfc4e586320fe6f3b7b841edc1cfb862c07,AI测试/网页人工路径/human-path-testing/examples/authored/cancel/inputs.json,05b09ac837e8563bc69145ed5b9aebfc4e586320fe6f3b7b841edc1cfb862c07,60,展开补齐
HPT v0.1.0 源码包,AI人工路径测试自动化_源码与安装包_v0.1.0.zip!/human-path-testing/examples/authored/cancel/route.json,d6c8120f9d1fe213a45d55aaed30ddc69c7fabaa0fcec36c97999797cec62816,AI测试/网页人工路径/human-path-testing/examples/authored/cancel/route.json,d6c8120f9d1fe213a45d55aaed30ddc69c7fabaa0fcec36c97999797cec62816,8496,展开补齐
HPT v0.1.0 源码包,AI人工路径测试自动化_源码与安装包_v0.1.0.zip!/human-path-testing/examples/authored/create/behavior.json,72b2c87b94e3d9727f5dadeacc27051936f24656b061a9c0140acba77c7ae016,AI测试/网页人工路径/human-path-testing/examples/authored/create/behavior.json,72b2c87b94e3d9727f5dadeacc27051936f24656b061a9c0140acba77c7ae016,8709,展开补齐
HPT v0.1.0 源码包,AI人工路径测试自动化_源码与安装包_v0.1.0.zip!/human-path-testing/examples/authored/create/environment.json,a75008717d58be199d2f7d20d36abaeb76eea8b2484475c8a1c553f20aa66c91,AI测试/网页人工路径/human-path-testing/examples/authored/create/environment.json,a75008717d58be199d2f7d20d36abaeb76eea8b2484475c8a1c553f20aa66c91,314,展开补齐
HPT v0.1.0 源码包,AI人工路径测试自动化_源码与安装包_v0.1.0.zip!/human-path-testing/examples/authored/create/inputs.json,f852003cba94ada5e9a02b9cac59a9cb6c8314bd797294165750c47a7f9b5429,AI测试/网页人工路径/human-path-testing/examples/authored/create/inputs.json,f852003cba94ada5e9a02b9cac59a9cb6c8314bd797294165750c47a7f9b5429,60,展开补齐
HPT v0.1.0 源码包,AI人工路径测试自动化_源码与安装包_v0.1.0.zip!/human-path-testing/examples/authored/create/route.json,8bbb7caa4db21e65701d880d22148df03d6d0599171949d7550f98a89dee6dea,AI测试/网页人工路径/human-path-testing/examples/authored/create/route.json,8bbb7caa4db21e65701d880d22148df03d6d0599171949d7550f98a89dee6dea,8819,展开补齐
HPT v0.1.0 源码包,AI人工路径测试自动化_源码与安装包_v0.1.0.zip!/human-path-testing/examples/authored/delete/behavior.json,446252b17f7bacc9455e8043f675a6700ef5f54ba9df695e1defbcffc6325efa,AI测试/网页人工路径/human-path-testing/examples/authored/delete/behavior.json,446252b17f7bacc9455e8043f675a6700ef5f54ba9df695e1defbcffc6325efa,6955,展开补齐
HPT v0.1.0 源码包,AI人工路径测试自动化_源码与安装包_v0.1.0.zip!/human-path-testing/examples/authored/delete/environment.json,a75008717d58be199d2f7d20d36abaeb76eea8b2484475c8a1c553f20aa66c91,AI测试/网页人工路径/human-path-testing/examples/authored/delete/environment.json,a75008717d58be199d2f7d20d36abaeb76eea8b2484475c8a1c553f20aa66c91,314,展开补齐
HPT v0.1.0 源码包,AI人工路径测试自动化_源码与安装包_v0.1.0.zip!/human-path-testing/examples/authored/delete/inputs.json,55e102750f6b219a7a378d1c2b1d8f226b5e72edc5bcdfeb66661a8cb205e36a,AI测试/网页人工路径/human-path-testing/examples/authored/delete/inputs.json,55e102750f6b219a7a378d1c2b1d8f226b5e72edc5bcdfeb66661a8cb205e36a,60,展开补齐
HPT v0.1.0 源码包,AI人工路径测试自动化_源码与安装包_v0.1.0.zip!/human-path-testing/examples/authored/delete/route.json,7397ef02b78192e98e84ee07da3151e76f61d5a5f1a7e0c0e635ee89efc5cbd2,AI测试/网页人工路径/human-path-testing/examples/authored/delete/route.json,7397ef02b78192e98e84ee07da3151e76f61d5a5f1a7e0c0e635ee89efc5cbd2,7065,展开补齐
HPT v0.1.0 源码包,AI人工路径测试自动化_源码与安装包_v0.1.0.zip!/human-path-testing/examples/authored/duplicate/behavior.json,3192c3fc4c729735481f89b88753c55c15793a133cc4567881804e001ef7ff2c,AI测试/网页人工路径/human-path-testing/examples/authored/duplicate/behavior.json,3192c3fc4c729735481f89b88753c55c15793a133cc4567881804e001ef7ff2c,7806,展开补齐
HPT v0.1.0 源码包,AI人工路径测试自动化_源码与安装包_v0.1.0.zip!/human-path-testing/examples/authored/duplicate/environment.json,a75008717d58be199d2f7d20d36abaeb76eea8b2484475c8a1c553f20aa66c91,AI测试/网页人工路径/human-path-testing/examples/authored/duplicate/environment.json,a75008717d58be199d2f7d20d36abaeb76eea8b2484475c8a1c553f20aa66c91,314,展开补齐
HPT v0.1.0 源码包,AI人工路径测试自动化_源码与安装包_v0.1.0.zip!/human-path-testing/examples/authored/duplicate/inputs.json,802e76c55bb98d4f3f1731fbe35548ee7cd3686cee6036a92dca7555a53b9fb6,AI测试/网页人工路径/human-path-testing/examples/authored/duplicate/inputs.json,802e76c55bb98d4f3f1731fbe35548ee7cd3686cee6036a92dca7555a53b9fb6,60,展开补齐
HPT v0.1.0 源码包,AI人工路径测试自动化_源码与安装包_v0.1.0.zip!/human-path-testing/examples/authored/duplicate/route.json,65e8d0ba9955afcc1d325056844435dd309199b5e2244d344bca4d0751c3a993,AI测试/网页人工路径/human-path-testing/examples/authored/duplicate/route.json,65e8d0ba9955afcc1d325056844435dd309199b5e2244d344bca4d0751c3a993,7916,展开补齐
HPT v0.1.0 源码包,AI人工路径测试自动化_源码与安装包_v0.1.0.zip!/human-path-testing/examples/authored/edit/behavior.json,8b7fc7565f2b34f4af0855ca0230d8ee01b81051c618e0e4f5b125c6c166beda,AI测试/网页人工路径/human-path-testing/examples/authored/edit/behavior.json,8b7fc7565f2b34f4af0855ca0230d8ee01b81051c618e0e4f5b125c6c166beda,8707,展开补齐
HPT v0.1.0 源码包,AI人工路径测试自动化_源码与安装包_v0.1.0.zip!/human-path-testing/examples/authored/edit/environment.json,a75008717d58be199d2f7d20d36abaeb76eea8b2484475c8a1c553f20aa66c91,AI测试/网页人工路径/human-path-testing/examples/authored/edit/environment.json,a75008717d58be199d2f7d20d36abaeb76eea8b2484475c8a1c553f20aa66c91,314,展开补齐
HPT v0.1.0 源码包,AI人工路径测试自动化_源码与安装包_v0.1.0.zip!/human-path-testing/examples/authored/edit/inputs.json,2e1429d91001e29c47eb3220db6b50de66177f0c9eebd5424c5dec884c82a708,AI测试/网页人工路径/human-path-testing/examples/authored/edit/inputs.json,2e1429d91001e29c47eb3220db6b50de66177f0c9eebd5424c5dec884c82a708,60,展开补齐
HPT v0.1.0 源码包,AI人工路径测试自动化_源码与安装包_v0.1.0.zip!/human-path-testing/examples/authored/edit/route.json,d39ba30a138dd5013d2580e884086afb03ac3178e52ac6903f6d861a125fbf90,AI测试/网页人工路径/human-path-testing/examples/authored/edit/route.json,d39ba30a138dd5013d2580e884086afb03ac3178e52ac6903f6d861a125fbf90,8817,展开补齐
HPT v0.1.0 源码包,AI人工路径测试自动化_源码与安装包_v0.1.0.zip!/human-path-testing/examples/authored/empty_search/behavior.json,6fc0ad3ad64d3ce4330f8a01bd4782de0b23c44eea33413f7af6f2a99afaed63,AI测试/网页人工路径/human-path-testing/examples/authored/empty_search/behavior.json,6fc0ad3ad64d3ce4330f8a01bd4782de0b23c44eea33413f7af6f2a99afaed63,6356,展开补齐
HPT v0.1.0 源码包,AI人工路径测试自动化_源码与安装包_v0.1.0.zip!/human-path-testing/examples/authored/empty_search/environment.json,a75008717d58be199d2f7d20d36abaeb76eea8b2484475c8a1c553f20aa66c91,AI测试/网页人工路径/human-path-testing/examples/authored/empty_search/environment.json,a75008717d58be199d2f7d20d36abaeb76eea8b2484475c8a1c553f20aa66c91,314,展开补齐
HPT v0.1.0 源码包,AI人工路径测试自动化_源码与安装包_v0.1.0.zip!/human-path-testing/examples/authored/empty_search/inputs.json,253436c0392d59bfc3d9018ee19f287d2cf54f66bd2dd0359e8d120c47f89c50,AI测试/网页人工路径/human-path-testing/examples/authored/empty_search/inputs.json,253436c0392d59bfc3d9018ee19f287d2cf54f66bd2dd0359e8d120c47f89c50,60,展开补齐
HPT v0.1.0 源码包,AI人工路径测试自动化_源码与安装包_v0.1.0.zip!/human-path-testing/examples/authored/empty_search/route.json,68a35220ea1076b692d2e54497e0b65792ed276724f449a63039fc1552b221dd,AI测试/网页人工路径/human-path-testing/examples/authored/empty_search/route.json,68a35220ea1076b692d2e54497e0b65792ed276724f449a63039fc1552b221dd,6466,展开补齐
HPT v0.1.0 源码包,AI人工路径测试自动化_源码与安装包_v0.1.0.zip!/human-path-testing/examples/authored/keyboard/behavior.json,17b8d72bcc57946b3d269cbf31f89df88c8122fd677898fba5f7d57008132bba,AI测试/网页人工路径/human-path-testing/examples/authored/keyboard/behavior.json,17b8d72bcc57946b3d269cbf31f89df88c8122fd677898fba5f7d57008132bba,8713,展开补齐
HPT v0.1.0 源码包,AI人工路径测试自动化_源码与安装包_v0.1.0.zip!/human-path-testing/examples/authored/keyboard/environment.json,a75008717d58be199d2f7d20d36abaeb76eea8b2484475c8a1c553f20aa66c91,AI测试/网页人工路径/human-path-testing/examples/authored/keyboard/environment.json,a75008717d58be199d2f7d20d36abaeb76eea8b2484475c8a1c553f20aa66c91,314,展开补齐
HPT v0.1.0 源码包,AI人工路径测试自动化_源码与安装包_v0.1.0.zip!/human-path-testing/examples/authored/keyboard/inputs.json,b85fba606c28b5fc4e2182b4baae18e1872e0c209d3f479b5432ac46828b4002,AI测试/网页人工路径/human-path-testing/examples/authored/keyboard/inputs.json,b85fba606c28b5fc4e2182b4baae18e1872e0c209d3f479b5432ac46828b4002,60,展开补齐
HPT v0.1.0 源码包,AI人工路径测试自动化_源码与安装包_v0.1.0.zip!/human-path-testing/examples/authored/keyboard/route.json,2e6bb52c457f5218f3e62037cf750dd0458852b8697e5d79d7b4cadf5726804e,AI测试/网页人工路径/human-path-testing/examples/authored/keyboard/route.json,2e6bb52c457f5218f3e62037cf750dd0458852b8697e5d79d7b4cadf5726804e,8823,展开补齐
HPT v0.1.0 源码包,AI人工路径测试自动化_源码与安装包_v0.1.0.zip!/human-path-testing/examples/authored/pagination/behavior.json,43415444dcd01284c2004378cd9d242f02ee856994598bfdaeaacc55f7f18f30,AI测试/网页人工路径/human-path-testing/examples/authored/pagination/behavior.json,43415444dcd01284c2004378cd9d242f02ee856994598bfdaeaacc55f7f18f30,6151,展开补齐
HPT v0.1.0 源码包,AI人工路径测试自动化_源码与安装包_v0.1.0.zip!/human-path-testing/examples/authored/pagination/environment.json,a75008717d58be199d2f7d20d36abaeb76eea8b2484475c8a1c553f20aa66c91,AI测试/网页人工路径/human-path-testing/examples/authored/pagination/environment.json,a75008717d58be199d2f7d20d36abaeb76eea8b2484475c8a1c553f20aa66c91,314,展开补齐
HPT v0.1.0 源码包,AI人工路径测试自动化_源码与安装包_v0.1.0.zip!/human-path-testing/examples/authored/pagination/inputs.json,c3165115de04720695a89ac0cf7633fe10a5287e63f6b91b7b376b5356e5f8d3,AI测试/网页人工路径/human-path-testing/examples/authored/pagination/inputs.json,c3165115de04720695a89ac0cf7633fe10a5287e63f6b91b7b376b5356e5f8d3,53,展开补齐
HPT v0.1.0 源码包,AI人工路径测试自动化_源码与安装包_v0.1.0.zip!/human-path-testing/examples/authored/pagination/route.json,2cf99d2bb027cae2492f8c36a0db716ab2e1e32739208d3d08768d180c434f90,AI测试/网页人工路径/human-path-testing/examples/authored/pagination/route.json,2cf99d2bb027cae2492f8c36a0db716ab2e1e32739208d3d08768d180c434f90,6261,展开补齐
HPT v0.1.0 源码包,AI人工路径测试自动化_源码与安装包_v0.1.0.zip!/human-path-testing/examples/authored/required/behavior.json,e989933d36cd3f99048c50707c6ca561b36e284ab3f7778bdaf639c28b158eca,AI测试/网页人工路径/human-path-testing/examples/authored/required/behavior.json,e989933d36cd3f99048c50707c6ca561b36e284ab3f7778bdaf639c28b158eca,7812,展开补齐
HPT v0.1.0 源码包,AI人工路径测试自动化_源码与安装包_v0.1.0.zip!/human-path-testing/examples/authored/required/environment.json,a75008717d58be199d2f7d20d36abaeb76eea8b2484475c8a1c553f20aa66c91,AI测试/网页人工路径/human-path-testing/examples/authored/required/environment.json,a75008717d58be199d2f7d20d36abaeb76eea8b2484475c8a1c553f20aa66c91,314,展开补齐
HPT v0.1.0 源码包,AI人工路径测试自动化_源码与安装包_v0.1.0.zip!/human-path-testing/examples/authored/required/inputs.json,a074d6b92c235414700a79cebec5e2621608c3ea818141048e4e94c7dd39ff9a,AI测试/网页人工路径/human-path-testing/examples/authored/required/inputs.json,a074d6b92c235414700a79cebec5e2621608c3ea818141048e4e94c7dd39ff9a,47,展开补齐
HPT v0.1.0 源码包,AI人工路径测试自动化_源码与安装包_v0.1.0.zip!/human-path-testing/examples/authored/required/route.json,7e05d926b041fe18cd43edeb0c129bed85653e40c058415bb8686b1af499191c,AI测试/网页人工路径/human-path-testing/examples/authored/required/route.json,7e05d926b041fe18cd43edeb0c129bed85653e40c058415bb8686b1af499191c,7922,展开补齐
HPT v0.1.0 源码包,AI人工路径测试自动化_源码与安装包_v0.1.0.zip!/human-path-testing/examples/authored/search/behavior.json,1399ec87c4192d68563e73b49dce9455bce4d567a5b995aacb5b821dae3b3b63,AI测试/网页人工路径/human-path-testing/examples/authored/search/behavior.json,1399ec87c4192d68563e73b49dce9455bce4d567a5b995aacb5b821dae3b3b63,6342,展开补齐
HPT v0.1.0 源码包,AI人工路径测试自动化_源码与安装包_v0.1.0.zip!/human-path-testing/examples/authored/search/environment.json,a75008717d58be199d2f7d20d36abaeb76eea8b2484475c8a1c553f20aa66c91,AI测试/网页人工路径/human-path-testing/examples/authored/search/environment.json,a75008717d58be199d2f7d20d36abaeb76eea8b2484475c8a1c553f20aa66c91,314,展开补齐
HPT v0.1.0 源码包,AI人工路径测试自动化_源码与安装包_v0.1.0.zip!/human-path-testing/examples/authored/search/inputs.json,4b20eb273699468bee3a77f3606057e7fbb77cf26a3f17ac055bd8e121d01de6,AI测试/网页人工路径/human-path-testing/examples/authored/search/inputs.json,4b20eb273699468bee3a77f3606057e7fbb77cf26a3f17ac055bd8e121d01de6,60,展开补齐
HPT v0.1.0 源码包,AI人工路径测试自动化_源码与安装包_v0.1.0.zip!/human-path-testing/examples/authored/search/route.json,5efa0615e90d70e466c7175af81abc8f8eb6cde3b257dc409cfb7cd187210130,AI测试/网页人工路径/human-path-testing/examples/authored/search/route.json,5efa0615e90d70e466c7175af81abc8f8eb6cde3b257dc409cfb7cd187210130,6452,展开补齐
HPT v0.1.0 源码包,AI人工路径测试自动化_源码与安装包_v0.1.0.zip!/human-path-testing/examples/explored/behavior.json,d501a5d786262a58d37368f5d1ef4435b05f03a7f1fa52b078183802fcfecec7,AI测试/网页人工路径/human-path-testing/examples/explored/behavior.json,d501a5d786262a58d37368f5d1ef4435b05f03a7f1fa52b078183802fcfecec7,6718,展开补齐
HPT v0.1.0 源码包,AI人工路径测试自动化_源码与安装包_v0.1.0.zip!/human-path-testing/examples/explored/environment.json,b3bf82986ff25ac3ed874adbaf786988cf456299c5a1ead25aeb0ce972ab94f8,AI测试/网页人工路径/human-path-testing/examples/explored/environment.json,b3bf82986ff25ac3ed874adbaf786988cf456299c5a1ead25aeb0ce972ab94f8,321,展开补齐
HPT v0.1.0 源码包,AI人工路径测试自动化_源码与安装包_v0.1.0.zip!/human-path-testing/examples/explored/inputs.json,326f0d3594fcc787f8f8acce778e048b24f353f782177aa015feb360126d31ba,AI测试/网页人工路径/human-path-testing/examples/explored/inputs.json,326f0d3594fcc787f8f8acce778e048b24f353f782177aa015feb360126d31ba,57,展开补齐
HPT v0.1.0 源码包,AI人工路径测试自动化_源码与安装包_v0.1.0.zip!/human-path-testing/examples/explored/intent.md,ad14b729561ac3a857d40a529c0ca60d4b0c33dee5c8ab291fc83034e60f552f,AI测试/网页人工路径/human-path-testing/examples/explored/intent.md,ad14b729561ac3a857d40a529c0ca60d4b0c33dee5c8ab291fc83034e60f552f,270,展开补齐
HPT v0.1.0 源码包,AI人工路径测试自动化_源码与安装包_v0.1.0.zip!/human-path-testing/examples/explored/outcomes.json,ef248a3d8a55d818447b30ada6f13718d42a26919f92a61f9f911ed6dafc0962,AI测试/网页人工路径/human-path-testing/examples/explored/outcomes.json,ef248a3d8a55d818447b30ada6f13718d42a26919f92a61f9f911ed6dafc0962,2824,展开补齐
HPT v0.1.0 源码包,AI人工路径测试自动化_源码与安装包_v0.1.0.zip!/human-path-testing/examples/explored/parameters.json,e189d093aa27fb7bb7c93053ea29c26139b51a19f5aadcfc47bfe39a60706932,AI测试/网页人工路径/human-path-testing/examples/explored/parameters.json,e189d093aa27fb7bb7c93053ea29c26139b51a19f5aadcfc47bfe39a60706932,127,展开补齐
HPT v0.1.0 源码包,AI人工路径测试自动化_源码与安装包_v0.1.0.zip!/human-path-testing/examples/explored/provenance.json,18cda9dcb313973d2a8870f453785d96513e61c0542790c712700939f0f39110,AI测试/网页人工路径/human-path-testing/examples/explored/provenance.json,18cda9dcb313973d2a8870f453785d96513e61c0542790c712700939f0f39110,240,展开补齐
HPT v0.1.0 源码包,AI人工路径测试自动化_源码与安装包_v0.1.0.zip!/human-path-testing/examples/explored/route.json,4077626c9ed23315a605321236bae91077c4f504be1e0ed4d087d9bef4173fd3,AI测试/网页人工路径/human-path-testing/examples/explored/route.json,4077626c9ed23315a605321236bae91077c4f504be1e0ed4d087d9bef4173fd3,6775,展开补齐
HPT v0.1.0 源码包,AI人工路径测试自动化_源码与安装包_v0.1.0.zip!/human-path-testing/examples/text-model.example.json,cc1b07bfc2cfdfcc9364c3c930a5893974327cf9f4791b01f711bbff15e43a13,AI测试/网页人工路径/human-path-testing/examples/text-model.example.json,cc1b07bfc2cfdfcc9364c3c930a5893974327cf9f4791b01f711bbff15e43a13,249,展开补齐
HPT v0.1.0 源码包,AI人工路径测试自动化_源码与安装包_v0.1.0.zip!/human-path-testing/examples/vision-model.example.json,ba2f047bcf1ae9ad421b0140d78d3489eadfd54dab0804e46d9fa63ca7b016cb,AI测试/网页人工路径/human-path-testing/examples/vision-model.example.json,ba2f047bcf1ae9ad421b0140d78d3489eadfd54dab0804e46d9fa63ca7b016cb,248,展开补齐
HPT v0.1.0 源码包,AI人工路径测试自动化_源码与安装包_v0.1.0.zip!/human-path-testing/pyproject.toml,6107b1c11832bf3ff79df6e367d1d9482312ff0347161f295fc319a145fbd746,AI测试/网页人工路径/human-path-testing/pyproject.toml,6107b1c11832bf3ff79df6e367d1d9482312ff0347161f295fc319a145fbd746,629,展开补齐
HPT v0.1.0 源码包,AI人工路径测试自动化_源码与安装包_v0.1.0.zip!/human-path-testing/requirements.lock,d9aba381685b47183cfba94f6dab428a47a8709288fbafc8b3f017cee24c6b30,AI测试/网页人工路径/human-path-testing/requirements.lock,d9aba381685b47183cfba94f6dab428a47a8709288fbafc8b3f017cee24c6b30,20088,展开补齐
HPT v0.1.0 源码包,AI人工路径测试自动化_源码与安装包_v0.1.0.zip!/human-path-testing/schemas/behavior.schema.json,fce545d8eec49ce18c8c7d0caaff1ea91bfbbdaeed9c2c2f1d62e881f94af946,AI测试/网页人工路径/human-path-testing/schemas/behavior.schema.json,fce545d8eec49ce18c8c7d0caaff1ea91bfbbdaeed9c2c2f1d62e881f94af946,7171,展开补齐
HPT v0.1.0 源码包,AI人工路径测试自动化_源码与安装包_v0.1.0.zip!/human-path-testing/schemas/environment.schema.json,2c17cfda01691e90751952af6f82d424c52ae50ae65fcf2aa7658be515b0a262,AI测试/网页人工路径/human-path-testing/schemas/environment.schema.json,2c17cfda01691e90751952af6f82d424c52ae50ae65fcf2aa7658be515b0a262,1472,展开补齐
HPT v0.1.0 源码包,AI人工路径测试自动化_源码与安装包_v0.1.0.zip!/human-path-testing/schemas/exploration-decision.schema.json,8a3e81d8c80b9a044fd5833c2ff12f57aa38fcab2f3bf745ee6358594aa24915,AI测试/网页人工路径/human-path-testing/schemas/exploration-decision.schema.json,8a3e81d8c80b9a044fd5833c2ff12f57aa38fcab2f3bf745ee6358594aa24915,3276,展开补齐
HPT v0.1.0 源码包,AI人工路径测试自动化_源码与安装包_v0.1.0.zip!/human-path-testing/schemas/model.schema.json,e30e63737e9d66aa1e2542af041dd71fb2f77ebfd020aa6f8af22b7696a12ec7,AI测试/网页人工路径/human-path-testing/schemas/model.schema.json,e30e63737e9d66aa1e2542af041dd71fb2f77ebfd020aa6f8af22b7696a12ec7,954,展开补齐
HPT v0.1.0 源码包,AI人工路径测试自动化_源码与安装包_v0.1.0.zip!/human-path-testing/schemas/outcomes.schema.json,47ab52c31c290edf6546c87c1317dfec271c95df7800707b4cd1d9f05030ee2e,AI测试/网页人工路径/human-path-testing/schemas/outcomes.schema.json,47ab52c31c290edf6546c87c1317dfec271c95df7800707b4cd1d9f05030ee2e,4315,展开补齐
HPT v0.1.0 源码包,AI人工路径测试自动化_源码与安装包_v0.1.0.zip!/human-path-testing/schemas/route.schema.json,d8a51a3579c2ca560fb7cfb8e59c4e31867494e0fd8b97b0f30d39bbd498df8b,AI测试/网页人工路径/human-path-testing/schemas/route.schema.json,d8a51a3579c2ca560fb7cfb8e59c4e31867494e0fd8b97b0f30d39bbd498df8b,7809,展开补齐
HPT v0.1.0 源码包,AI人工路径测试自动化_源码与安装包_v0.1.0.zip!/human-path-testing/src/hpt/__init__.py,5d626589c226a4ae1d00b6dd858243c36b16b653408d9c59c40dc2eb1043ffda,AI测试/网页人工路径/human-path-testing/src/hpt/__init__.py,5d626589c226a4ae1d00b6dd858243c36b16b653408d9c59c40dc2eb1043ffda,111,展开补齐
HPT v0.1.0 源码包,AI人工路径测试自动化_源码与安装包_v0.1.0.zip!/human-path-testing/src/hpt/__main__.py,76fa916e93e0ae1a6c1bb51dcc0bcf289c014e9f760a47165f8a84401ccf41d7,AI测试/网页人工路径/human-path-testing/src/hpt/__main__.py,76fa916e93e0ae1a6c1bb51dcc0bcf289c014e9f760a47165f8a84401ccf41d7,49,展开补齐
HPT v0.1.0 源码包,AI人工路径测试自动化_源码与安装包_v0.1.0.zip!/human-path-testing/src/hpt/cli.py,67d534fb5f1f537f12660a3b71e28ecf89360fb9765d2ff1f96c6bba64bbafc6,AI测试/网页人工路径/human-path-testing/src/hpt/cli.py,67d534fb5f1f537f12660a3b71e28ecf89360fb9765d2ff1f96c6bba64bbafc6,11739,展开补齐
HPT v0.1.0 源码包,AI人工路径测试自动化_源码与安装包_v0.1.0.zip!/human-path-testing/src/hpt/contracts.py,df89c46bc7d92dcb2c05b7078d2b783ff6a88d4446dab8e19ed06479148de706,AI测试/网页人工路径/human-path-testing/src/hpt/contracts.py,df89c46bc7d92dcb2c05b7078d2b783ff6a88d4446dab8e19ed06479148de706,9409,展开补齐
HPT v0.1.0 源码包,AI人工路径测试自动化_源码与安装包_v0.1.0.zip!/human-path-testing/src/hpt/evidence.py,8c31bbed64357a4a9efb2b42f059dda49b1b610f2d0a1581cdd76d689a606980,AI测试/网页人工路径/human-path-testing/src/hpt/evidence.py,8c31bbed64357a4a9efb2b42f059dda49b1b610f2d0a1581cdd76d689a606980,3574,展开补齐
HPT v0.1.0 源码包,AI人工路径测试自动化_源码与安装包_v0.1.0.zip!/human-path-testing/src/hpt/examples.py,fc245746267e7229c535aa2c32af10465d7cceea88684cb060632a6aaea9fb18,AI测试/网页人工路径/human-path-testing/src/hpt/examples.py,fc245746267e7229c535aa2c32af10465d7cceea88684cb060632a6aaea9fb18,9045,展开补齐
HPT v0.1.0 源码包,AI人工路径测试自动化_源码与安装包_v0.1.0.zip!/human-path-testing/src/hpt/explorer.py,362d990bdd8d0595cee536f17eb172553380b606ea6c286e488d4780a981e021,AI测试/网页人工路径/human-path-testing/src/hpt/explorer.py,362d990bdd8d0595cee536f17eb172553380b606ea6c286e488d4780a981e021,8919,展开补齐
HPT v0.1.0 源码包,AI人工路径测试自动化_源码与安装包_v0.1.0.zip!/human-path-testing/src/hpt/fixture.html,3b0453b551e2ece38e99ebfa0fd953c4606d86b6adcd6f063f6bb6c1b888275e,AI测试/网页人工路径/human-path-testing/src/hpt/fixture.html,3b0453b551e2ece38e99ebfa0fd953c4606d86b6adcd6f063f6bb6c1b888275e,9979,展开补齐
HPT v0.1.0 源码包,AI人工路径测试自动化_源码与安装包_v0.1.0.zip!/human-path-testing/src/hpt/fixture.py,9729472df3b5287fea16f8a00ab9d16d965ff3db117c3015ff774820e14bc4bb,AI测试/网页人工路径/human-path-testing/src/hpt/fixture.py,9729472df3b5287fea16f8a00ab9d16d965ff3db117c3015ff774820e14bc4bb,5723,展开补齐
HPT v0.1.0 源码包,AI人工路径测试自动化_源码与安装包_v0.1.0.zip!/human-path-testing/src/hpt/models.py,945fcd7aa9d1a88017e221be63b86b41ec568c5d726c73450e43982ebefb04e3,AI测试/网页人工路径/human-path-testing/src/hpt/models.py,945fcd7aa9d1a88017e221be63b86b41ec568c5d726c73450e43982ebefb04e3,5502,展开补齐
HPT v0.1.0 源码包,AI人工路径测试自动化_源码与安装包_v0.1.0.zip!/human-path-testing/src/hpt/registry.py,6988ecfd98846fd41a2923c90c4f01fb2a79709dac1cceabec93d2daa0cfb13f,AI测试/网页人工路径/human-path-testing/src/hpt/registry.py,6988ecfd98846fd41a2923c90c4f01fb2a79709dac1cceabec93d2daa0cfb13f,3505,展开补齐
HPT v0.1.0 源码包,AI人工路径测试自动化_源码与安装包_v0.1.0.zip!/human-path-testing/src/hpt/reporting.py,532bcec60fdaa1de87472230dee51d52b74faefc6b3f41dc2a12cf4101f75480,AI测试/网页人工路径/human-path-testing/src/hpt/reporting.py,532bcec60fdaa1de87472230dee51d52b74faefc6b3f41dc2a12cf4101f75480,2007,展开补齐
HPT v0.1.0 源码包,AI人工路径测试自动化_源码与安装包_v0.1.0.zip!/human-path-testing/src/hpt/runner.py,f6864cc58b926140b54bf0f990d976bebe1f57cefd3b43770634b5e28a6d68a2,AI测试/网页人工路径/human-path-testing/src/hpt/runner.py,f6864cc58b926140b54bf0f990d976bebe1f57cefd3b43770634b5e28a6d68a2,17060,展开补齐
HPT v0.1.0 源码包,AI人工路径测试自动化_源码与安装包_v0.1.0.zip!/human-path-testing/src/hpt/vision.py,11e452eb98cb90d8f96269a2794e821b546ac79a01358f7dec3edbd273e28f1b,AI测试/网页人工路径/human-path-testing/src/hpt/vision.py,11e452eb98cb90d8f96269a2794e821b546ac79a01358f7dec3edbd273e28f1b,4472,展开补齐
HPT v0.1.0 源码包,AI人工路径测试自动化_源码与安装包_v0.1.0.zip!/human-path-testing/tests/test_browser.py,c4c8cb247ffc618832f540bb4499703558ae2dc22cd3b8c63c0ac9109c165783,AI测试/网页人工路径/human-path-testing/tests/test_browser.py,c4c8cb247ffc618832f540bb4499703558ae2dc22cd3b8c63c0ac9109c165783,8225,展开补齐
HPT v0.1.0 源码包,AI人工路径测试自动化_源码与安装包_v0.1.0.zip!/human-path-testing/tests/test_cli.py,237e5a08b066df60d0eceecf8d28c6aa89e12b37413170e964862560a73a2f9e,AI测试/网页人工路径/human-path-testing/tests/test_cli.py,237e5a08b066df60d0eceecf8d28c6aa89e12b37413170e964862560a73a2f9e,904,展开补齐
HPT v0.1.0 源码包,AI人工路径测试自动化_源码与安装包_v0.1.0.zip!/human-path-testing/tests/test_exploration.py,5a5ba6bd2c92babf31b6bc5f25207617fc3a6a2d4a7b611a1115ae0506243601,AI测试/网页人工路径/human-path-testing/tests/test_exploration.py,5a5ba6bd2c92babf31b6bc5f25207617fc3a6a2d4a7b611a1115ae0506243601,2537,展开补齐
HPT v0.1.0 源码包,AI人工路径测试自动化_源码与安装包_v0.1.0.zip!/human-path-testing/tests/test_models.py,60d62cc57eb22df4f68e0e42b518469d3580c523f89101767bb0cc9ab8bc009e,AI测试/网页人工路径/human-path-testing/tests/test_models.py,60d62cc57eb22df4f68e0e42b518469d3580c523f89101767bb0cc9ab8bc009e,3770,展开补齐
HPT v0.1.0 源码包,AI人工路径测试自动化_源码与安装包_v0.1.0.zip!/human-path-testing/tests/test_policy.py,ad1362a6d48507987582571e2e0ebae2feeca2592b441842bc9da9ac7bcb6b66,AI测试/网页人工路径/human-path-testing/tests/test_policy.py,ad1362a6d48507987582571e2e0ebae2feeca2592b441842bc9da9ac7bcb6b66,4807,展开补齐
BEH 自动化验收补充 v1.1,BEH_交互与测试补充规范_无人工参与_v1.1_2026-08-19.zip!/20_Testing/29_确定性AcceptanceGolden与TestOracle规范_v1.1.md,33d03103015419396804bfc768bd8f7bff7adefe4cb779f012d4e7f34a835eb9,网页工作台/参考规范/自动化验收补充_v1.1/20_Testing/29_确定性AcceptanceGolden与TestOracle规范_v1.1.md,33d03103015419396804bfc768bd8f7bff7adefe4cb779f012d4e7f34a835eb9,3782,展开补齐
BEH 自动化验收补充 v1.1,BEH_交互与测试补充规范_无人工参与_v1.1_2026-08-19.zip!/20_Testing/30_Playwright连续交互_状态机与Viewport测试规范_v1.0.md,9944f6859040ace12d57089696542c5157fc4a74eb961681ed2630edd0589f81,网页工作台/参考规范/自动化验收补充_v1.1/20_Testing/30_Playwright连续交互_状态机与Viewport测试规范_v1.0.md,9944f6859040ace12d57089696542c5157fc4a74eb961681ed2630edd0589f81,3739,展开补齐
BEH 自动化验收补充 v1.1,BEH_交互与测试补充规范_无人工参与_v1.1_2026-08-19.zip!/20_Testing/31_NativeScene视觉保真与Arrow_Port_Relation验收规范_v1.1.md,a7910e8f42d39c5618708c1d2f03451606be4b401e60fd1ae0af9252f1319f85,网页工作台/参考规范/自动化验收补充_v1.1/20_Testing/31_NativeScene视觉保真与Arrow_Port_Relation验收规范_v1.1.md,a7910e8f42d39c5618708c1d2f03451606be4b401e60fd1ae0af9252f1319f85,3253,展开补齐
BEH 自动化验收补充 v1.1,BEH_交互与测试补充规范_无人工参与_v1.1_2026-08-19.zip!/20_Testing/32_当前交互缺陷_自动化Golden回归案例_v1.1.md,85a553ec759ecd9efb6e4695684aba085e8a5604b291831de4a2ec343a172106,网页工作台/参考规范/自动化验收补充_v1.1/20_Testing/32_当前交互缺陷_自动化Golden回归案例_v1.1.md,85a553ec759ecd9efb6e4695684aba085e8a5604b291831de4a2ec343a172106,3238,展开补齐
BEH 自动化验收补充 v1.1,BEH_交互与测试补充规范_无人工参与_v1.1_2026-08-19.zip!/40_UI/28_Web画布交互行为契约_v1.0.md,956b5f2e79d19940684579ce83a485a09c77c78ed9c65cabcb326ea7d68682fb,网页工作台/参考规范/自动化验收补充_v1.1/40_UI/28_Web画布交互行为契约_v1.0.md,956b5f2e79d19940684579ce83a485a09c77c78ed9c65cabcb326ea7d68682fb,6860,展开补齐
BEH 自动化验收补充 v1.1,BEH_交互与测试补充规范_无人工参与_v1.1_2026-08-19.zip!/ADDON_MANIFEST.json,ed0e7838ea8d831687578cd16745dd92f7185af145feafd4e28c2576d3085e75,网页工作台/参考规范/自动化验收补充_v1.1/ADDON_MANIFEST.json,ed0e7838ea8d831687578cd16745dd92f7185af145feafd4e28c2576d3085e75,1346,展开补齐
BEH 自动化验收补充 v1.1,BEH_交互与测试补充规范_无人工参与_v1.1_2026-08-19.zip!/ADDON_README.md,a6b5361016c987998e292873a72ef9a76438ecbdab88d2420d794c6c9bdabcd5,网页工作台/参考规范/自动化验收补充_v1.1/ADDON_README.md,a6b5361016c987998e292873a72ef9a76438ecbdab88d2420d794c6c9bdabcd5,1819,展开补齐
本次设计,2026-09-18 调度专题讨论、官方工具资料研究及独立设计评审；依据见方案第11节,,产品与EMAP事实探查/调度相关产品与EMAP代码联合探查方案_v1.0_2026-09-18.md,123b184142b99f0845309da10841fc8335fe50a40e9676ead2897733de0cfdfb,39153,新增专题入口；设计完成，不代表实际产品探查或工具执行完成
工具统一管理修订,2026-09-18 当前用户工具归一授权；保留已有任务业务边界,,产品与EMAP事实探查/成熟工具增强事实探查/validation/tool-unification.json,0ddaa0a0358c7d3072c888ee7e6eb6c90d8fec786ff3b2610b46552a34ebe4bf,8178,新增唯一工具规范/当前报告入口或实际脚本验证记录；不代表用户环境已实测
工具统一管理修订,2026-09-18 当前用户工具归一授权；保留已有任务业务边界,,工具接入与共享能力/工具状态与验收报告.md,221123f362ec55c69246c85a32ce30f044769f6237df1d6a0e43dc8041e2c5ac,10026,新增唯一工具规范/当前报告入口或实际脚本验证记录；不代表用户环境已实测
工具统一管理修订,2026-09-18 当前用户工具归一授权；保留已有任务业务边界,,工具接入与共享能力/工具统一管理与使用指南.md,8f89f32ab0740594d6adef1e934b3f9e02d048eaf21de8a214a8b9cab213b953,69093,新增唯一工具规范/当前报告入口或实际脚本验证记录；不代表用户环境已实测
2026-09-19会话共识补齐,本窗口已授权的背景/图解/根因诊断/维护交付设计；新图依据现行环境指南重绘,,Windows与WSL开发环境/04_WSL与Docker关系图解.md,a3b2070e6a57f0ac08409c35b624900729e98bad1be6ec6b0b4d966d7f20a0b7,9269,新增执行设计或其可编辑图解；未视为用户环境或产品实测结果
2026-09-19会话共识补齐,本窗口已授权的背景/图解/根因诊断/维护交付设计；新图依据现行环境指南重绘,,Windows与WSL开发环境/图解/01_WSL与Docker单组合关系_示意.png,98b312c3638766f4c6bef0bd2159a085ff48aa90deecf1082cb693668548c09a,326824,新增执行设计或其可编辑图解；未视为用户环境或产品实测结果
2026-09-19会话共识补齐,本窗口已授权的背景/图解/根因诊断/维护交付设计；新图依据现行环境指南重绘,,Windows与WSL开发环境/图解/01_WSL与Docker单组合关系_示意.svg,59244b8e6256d685cff32ebd738b91281b1509553e09ffe060521f87a72cfe65,7719,新增执行设计或其可编辑图解；未视为用户环境或产品实测结果
2026-09-19会话共识补齐,本窗口已授权的背景/图解/根因诊断/维护交付设计；新图依据现行环境指南重绘,,Windows与WSL开发环境/图解/02_多仓多镜像与独立产物_示意.png,f3443cc18867af444250f6863e3329efd389d7d7d118d9b7d8c5dc5ea5b37140,407610,新增执行设计或其可编辑图解；未视为用户环境或产品实测结果
2026-09-19会话共识补齐,本窗口已授权的背景/图解/根因诊断/维护交付设计；新图依据现行环境指南重绘,,Windows与WSL开发环境/图解/02_多仓多镜像与独立产物_示意.svg,c3a33885d74b6042adebabe073120eaf700b98523f02d351e4a7fb20e9577405,12830,新增执行设计或其可编辑图解；未视为用户环境或产品实测结果
2026-09-19会话共识补齐,本窗口已授权的背景/图解/根因诊断/维护交付设计；新图依据现行环境指南重绘,,问题定位与修复/跨核崩溃复位与内存破坏_根因定位实施指南.md,706453aa89f66a8c2d58e7bc328b832c802693eab250bd8204133444c791e92c,24848,新增执行设计或其可编辑图解；未视为用户环境或产品实测结果
