原位置,当前相对路径,原文件ID,原版本,原字节数,原SHA256,导入基线SHA256,当前SHA256,当前字节数,状态,修改说明
/BEH_统一工作区/00_总览与规则/产品研发与测试_AI统一工作区_Git起步包_2026-09-17.zip,历史资料/迁移记录/Git起步版/产品研发与测试_AI统一工作区_Git起步包_2026-09-17.zip,libfile_4e3180a47df88191ac13c434897be837,,33881,85c232f45b471260003bdde9df895781fa7146fed7160d11e183a87e0389f69d,4718f59258efc53cc2d33e9ffea718ce9aff66ac6a1815362556da05accbac3d,4718f59258efc53cc2d33e9ffea718ce9aff66ac6a1815362556da05accbac3d,33775,已导入本地 Git,统一整理展示表述，并更新对应校验值（2026-09-18）
/BEH_统一工作区/00_总览与规则/统一工作区整理方案_重审版_v1.0_2026-09-17.md,历史资料/迁移记录/统一整理方案/统一工作区整理方案_重审版_v1.0_2026-09-17.md,libfile_dadad9a18f408191ac8d2907da51aafc,,36466,b5e6c241f14a4d779c14d3b0a502e65181aab7eda7f204b9dea6a84ac61bdd10,b5e6c241f14a4d779c14d3b0a502e65181aab7eda7f204b9dea6a84ac61bdd10,b5e6c241f14a4d779c14d3b0a502e65181aab7eda7f204b9dea6a84ac61bdd10,36466,已导入本地 Git,
/BEH_统一工作区/30_AI测试/BEH_控制工具调研与源码调查任务单_v1.0_2026-09-17.md,工具接入与共享能力/工具选型与接入调查/BEH_控制工具调研与源码调查任务单_v1.0_2026-09-17.md,libfile_dcc39847458c81919c14ae87c1248e1b,,24242,b3d48011612bc2929b0e65b96598f00e81679266e635fd5a9101a3fa6c2900f0,83c08ae145fbaad0f885adc0801b61b4d426f1ea0ba7b3ec3cff1cea5dca898b,da0b4f79fd046f08a16ccc31e875ce8388594478be1c663629c4a9bfa0389af9,24504,已导入本地 Git,增加归档说明和/或适配文件引用；对应资料版本保存在导入提交中；统一整理展示表述，并更新对应校验值（2026-09-18）
/BEH_统一工作区/30_AI测试/BEH_产品端到端测试融合_主窗口与多工具协作探索指南_v1.0_2026-09-16.md,AI测试/产品端到端/BEH_产品端到端测试融合_主窗口与多工具协作探索指南_v1.0_2026-09-16.md,libfile_5d5a86aab01881918a6d93b6668b8c96,,50647,471b4c04b19f8e9cd6ed50d4b550b8b2a80e9cdb7671386f4325f8af75ddbe6e,77ffedbe138e865cc67f4873073b815873f747281c9f262e901b533064d06d92,18f782caf919dcdca32f373112a6f082444680625479352cf53d12d0f892131c,50843,已导入本地 Git,增加归档说明和/或适配文件引用；对应资料版本保存在导入提交中；统一整理展示表述，并更新对应校验值（2026-09-18）
/BEH_统一工作区/00_总览与规则/02_AI测试与解释融合_双环境实施指导_v1.0_2026-09-16.md,AI测试/测试与解释融合/02_AI测试与解释融合_双环境实施指导_v1.0_2026-09-16.md,libfile_0731a54687fc8191a81a6921498964e7,1,38138,7bb83ac6927185c8fd8c8e31bf4ea506f65abdd9733b692c6a263f2760483657,917bf15062cdfcd768e18b1a5a01a5c7a53e8f5da2efe4c04ef5f8088ee2820a,d23de8f9d7a66faac4544d9d55cc203cff62846a81ddf01ad9c9d7bb702c2d77,38309,已导入本地 Git,增加归档说明和/或适配文件引用；对应资料版本保存在导入提交中；统一整理展示表述，并更新对应校验值（2026-09-18）
/BEH_统一工作区/50_共享能力/00_共享能力_图元代码与信号观测.md,工具接入与共享能力/00_共享能力_图元代码与信号观测.md,libfile_2728f60cce6881919496f9ae73f8088f,2,3473,5af03f29c437af488f6963eb3a68c1078bb3b5d94738befe149fe0c537152534,536fe354ab0c7f7caf12d05d5ad10e534f754d51e1a282af197f654b344edaf0,e10c357bd07131277324869109eb928ea99ee304e8c0fd85f68fe4131d9def88,3584,已导入本地 Git,增加归档说明和/或适配文件引用；对应资料版本保存在导入提交中；统一整理展示表述，并更新对应校验值（2026-09-18）
/BEH_统一工作区/20_AI解释/00_AI解释_两档模式与测试增强规范.md,AI解释/00_AI解释_两档模式与测试增强规范.md,libfile_3a0274b0d0748191a8fa27ccf5614482,2,8985,82c08815fd274589bc10561bc008203cbe2913248f28094e8baff818a164ad41,82c08815fd274589bc10561bc008203cbe2913248f28094e8baff818a164ad41,72dd897d71ea0ca0346ed63aa2404df799deffd170051325f5eab5d226c3db1b,9153,已导入本地 Git,增加归档说明和/或适配文件引用；对应资料版本保存在导入提交中
/BEH_统一工作区/00_总览与规则/01_全量文件索引与迁移对照.md,历史资料/迁移记录/BEH_2026-09-14/01_全量文件索引与迁移对照.md,libfile_75de93efed1881919c1d433d6bdb9ac8,,20277,216ed73e3e270fcff9ef54d4eea70350e18d6879d149e5372e4d2332e1610f89,216ed73e3e270fcff9ef54d4eea70350e18d6879d149e5372e4d2332e1610f89,216ed73e3e270fcff9ef54d4eea70350e18d6879d149e5372e4d2332e1610f89,20277,已导入本地 Git,
/BEH_统一工作区/30_AI测试/00_AI测试_模块入口与复用规则.md,AI测试/00_AI测试_模块入口与复用规则.md,libfile_ebc869f1cdac8191a7bb2a7e8f1dd8e8,2,4346,a5501bbd6d03ccb58187ae810f58e704df2e1d3a3942846772dd7e35d4cd41d5,a5501bbd6d03ccb58187ae810f58e704df2e1d3a3942846772dd7e35d4cd41d5,fbc3ecda1058ba581fc922050ac99b2f589f2063c6bbca00c602867ac4f1c23d,4549,已导入本地 Git,增加归档说明和/或适配文件引用；对应资料版本保存在导入提交中
/BEH_统一工作区/40_AI开发/00_AI开发_模块入口与推进边界.md,AI图元与代码开发/00_AI开发_模块入口与推进边界.md,libfile_526f6a5c2028819180be030a645cdd2b,,2839,b38dd0795dc63cb6675c519009a0443cae827d3a3fde1428a0383472acaa2445,b38dd0795dc63cb6675c519009a0443cae827d3a3fde1428a0383472acaa2445,787052ebaa0f2c0274c7e096139d9505400be1e4b7fbe46d0366c293b7c888fa,2999,已导入本地 Git,增加归档说明和/或适配文件引用；对应资料版本保存在导入提交中
/BEH_统一工作区/10_网页工作台/00_网页工作台_模块入口.md,网页工作台/00_网页工作台_模块入口.md,libfile_3c2762eb022081919990bc81fa31277c,,2437,264ec8f79fc08b57347403ef30ca5c3a621174e83236863013d05642ac3ffa73,264ec8f79fc08b57347403ef30ca5c3a621174e83236863013d05642ac3ffa73,fb8c5730b47069b80d20b5666f6c8344774224c6a03fa8410554261ebcc75073,2536,已导入本地 Git,增加归档说明和/或适配文件引用；对应资料版本保存在导入提交中
/BEH_统一工作区/00_总览与规则/00_维护规则与当前决策.md,历史资料/迁移记录/BEH_2026-09-14/00_维护规则与当前决策.md,libfile_d58b88317e9c8191b396b2207a1c68ff,,3363,9aa164f55d414f37a81c91ae89e7851822b419d5fd0eeba2936b1f7645668de7,9aa164f55d414f37a81c91ae89e7851822b419d5fd0eeba2936b1f7645668de7,9aa164f55d414f37a81c91ae89e7851822b419d5fd0eeba2936b1f7645668de7,3363,已导入本地 Git,
/BEH_统一工作区/00_从这里开始_BEH统一导航.md,历史资料/旧入口/00_从这里开始_BEH统一导航.md,libfile_fd965b3bded08191ad1005d5bbc688a8,2,7145,85423742572800d647de33f723b71f7dc576c317483c585409f4408fcdd9b865,2d0d80e4e2c7ff419709c3852f5287e4aca8fb9ce2c280add4683ea0e9bf3ab0,58409dd079c773868f1fe6d768f6a6a8b2f07054f0e70ef8cd91b8564bff29db,7151,已导入本地 Git,增加归档说明和/或适配文件引用；对应资料版本保存在导入提交中；统一整理展示表述，并更新对应校验值（2026-09-18）
/BEH_统一工作区/50_共享能力/信号追踪与运行观测/上板信号全链路采集建设与操作指南_跨核与BEH图元_v1.0.md,工具接入与共享能力/信号追踪与运行观测/上板信号全链路采集建设与操作指南_跨核与BEH图元_v1.0.md,libfile_e69d95b69fec8191b713b3dda525e3c5,,61949,ba1bf7e0a6b35af2d3849b52f98ff273db8e56c86efb458b960c180819a0d1c9,ba1bf7e0a6b35af2d3849b52f98ff273db8e56c86efb458b960c180819a0d1c9,df50acd8fb4b8c3006b020b042e360b46b049a182f86b9f5baff6f6ee2cc388a,62211,已导入本地 Git,增加归档说明和/或适配文件引用；对应资料版本保存在导入提交中
/BEH_统一工作区/50_共享能力/信号追踪与运行观测/不上板信号全链路建设与验收指南_跨核与BEH图元_v1.0.md,工具接入与共享能力/信号追踪与运行观测/不上板信号全链路建设与验收指南_跨核与BEH图元_v1.0.md,libfile_6f7ee7efc9d481918fc475e879fe1810,1,58872,dd2f2811db45801b4d0992c5c68b4445a80804559e514597ecd633a65695f870,dd2f2811db45801b4d0992c5c68b4445a80804559e514597ecd633a65695f870,1c67735e4470fb4845df078e77b196324a59f96ca7c42f6549ea66c5b18cd754,59134,已导入本地 Git,增加归档说明和/或适配文件引用；对应资料版本保存在导入提交中
/BEH_统一工作区/30_AI测试/参考规范/BEH_FB全库发现与批量适配实施手册_基于8个FB基线_v1.0_2026-09-07.md,AI测试/图元行为测试/参考规范/BEH_FB全库发现与批量适配实施手册_基于8个FB基线_v1.0_2026-09-07.md,libfile_cacc19cf2578819197590bd0893466d7,,46944,f819f8ae957f369ef5c99c6cbbb24d5d999895d5d5ffabd0ba2043bf2950dff4,f819f8ae957f369ef5c99c6cbbb24d5d999895d5d5ffabd0ba2043bf2950dff4,80927a8939f515397c54cb2f59a21d010b498a31f640ff84926937a13d7242e5,47209,已导入本地 Git,增加归档说明和/或适配文件引用；对应资料版本保存在导入提交中
/BEH_统一工作区/40_AI开发/参考规范/BEH_MCP_Phase1_Implementation_Guide_v1.0_2026-09-05.md,AI图元与代码开发/参考规范/BEH_MCP_Phase1_Implementation_Guide_v1.0_2026-09-05.md,libfile_73f8240242f08191b77c80043f4eca91,,62358,57b4014f21515c7e50bc955998f4c3d6314f8394585b6ff5811473fbc0ba5d72,57b4014f21515c7e50bc955998f4c3d6314f8394585b6ff5811473fbc0ba5d72,b5bdbf7695ec5950ca83adc15e3b7390707deefae86e7a3588241850e25ae402,62620,已导入本地 Git,增加归档说明和/或适配文件引用；对应资料版本保存在导入提交中
/BEH_统一工作区/30_AI测试/参考规范/BEH_FB行为测试可信性验真补充规范_v1.0.md,AI测试/图元行为测试/参考规范/BEH_FB行为测试可信性验真补充规范_v1.0.md,libfile_202bb282af9c8191925a4d9eb20ebda8,,13652,70bba79d20347f63ee940757c0e3e84b32d5348facee004ac18fb03f1ba1d016,70bba79d20347f63ee940757c0e3e84b32d5348facee004ac18fb03f1ba1d016,1f6810066fc5e342808cdc6e22dc4816ef37faa3c1dacc8c8b6cde059b9fff09,13917,已导入本地 Git,增加归档说明和/或适配文件引用；对应资料版本保存在导入提交中
/BEH_统一工作区/30_AI测试/参考规范/BEH_FB行为测试最小MVP实施规范_独立于旧FB框架_v2.0.md,AI测试/图元行为测试/参考规范/BEH_FB行为测试最小MVP实施规范_独立于旧FB框架_v2.0.md,libfile_cec968a376a8819192c4273669602895,,14986,3491e90c02d04960206a02baa09e200d50f36bb041dbf73b39d34c860e9d5a6c,3491e90c02d04960206a02baa09e200d50f36bb041dbf73b39d34c860e9d5a6c,8c5acc459afbddffbc574613646b93d2ce259b611767eb0a8f72f8b427bccf21,15251,已导入本地 Git,增加归档说明和/或适配文件引用；对应资料版本保存在导入提交中
/BEH_统一工作区/90_历史资料/测试旧版本/BEH_FB行为测试最小MVP实施指南_v1.0.md,历史资料/测试旧版本/BEH_FB行为测试最小MVP实施指南_v1.0.md,libfile_867c62cf2ab48191bc2ae77ac8ea23ee,,11535,25f9ed57050b7c78e6273ecfff40496d81d3c39bb725cde4578f73a27f0147bb,25f9ed57050b7c78e6273ecfff40496d81d3c39bb725cde4578f73a27f0147bb,25f9ed57050b7c78e6273ecfff40496d81d3c39bb725cde4578f73a27f0147bb,11535,已导入本地 Git,
/BEH_统一工作区/30_AI测试/参考规范/BEH_Headless图元行为测试_PoC工程约束与防取巧指南_v1.0.md,AI测试/图元行为测试/参考规范/BEH_Headless图元行为测试_PoC工程约束与防取巧指南_v1.0.md,libfile_ecbd358a7f8c81918acadcde577f8343,,11119,4c224edf198e6cb66b11d87263dcb84eaf847c6d963c2583c42b9abdecf1d24f,d657914681c05315c473f9ce024e6bdf1c4d8f2d6950ab1b4b1beaeb3a49364d,6fc9bae913c3b1f6d2bed7048059f76031067c390be9a210a13d7a038b452d93,11387,已导入本地 Git,增加归档说明和/或适配文件引用；对应资料版本保存在导入提交中；统一整理展示表述，并更新对应校验值（2026-09-18）
/BEH_统一工作区/10_网页工作台/历史参考图/BEH分析器动态数据流仪表盘.png,网页工作台/历史参考图/BEH分析器动态数据流仪表盘.png,libfile_bb64bb177b1081918cce54503d0e2726,,1706966,817abce7542ec367ae8cc8f372946c4bb93c73dae64e588781b2e0c1a5757559,817abce7542ec367ae8cc8f372946c4bb93c73dae64e588781b2e0c1a5757559,817abce7542ec367ae8cc8f372946c4bb93c73dae64e588781b2e0c1a5757559,1706966,已导入本地 Git,
/BEH_统一工作区/10_网页工作台/历史参考图/BEH AI 工坊：车辆控制数据流联动.png,网页工作台/历史参考图/BEH AI 工坊：车辆控制数据流联动.png,libfile_4047b2355fa08191b52cba1276335980,,1725450,0dedc02d04e870880f6003b1fa8c8202ed4bade89c4133245a68fa4c04f2cccf,0dedc02d04e870880f6003b1fa8c8202ed4bade89c4133245a68fa4c04f2cccf,0dedc02d04e870880f6003b1fa8c8202ed4bade89c4133245a68fa4c04f2cccf,1725450,已导入本地 Git,
/BEH_统一工作区/10_网页工作台/历史参考图/BEH人机协同平台架构总览.png,网页工作台/历史参考图/BEH人机协同平台架构总览.png,libfile_3060559765188191a92188661aa99e67,,1841107,d8c8503def2f221a089855207068c770001ec474aafa9a2e235a3d6bb2a4d0a4,d8c8503def2f221a089855207068c770001ec474aafa9a2e235a3d6bb2a4d0a4,d8c8503def2f221a089855207068c770001ec474aafa9a2e235a3d6bb2a4d0a4,1841107,已导入本地 Git,
/BEH_统一工作区/90_历史资料/旧文档包/BEH_原生Renderer定位与Offscreen复用专项_新增文档包_v1.0_2026-08-19.zip,历史资料/旧文档包/BEH_原生Renderer定位与Offscreen复用专项_新增文档包_v1.0_2026-08-19.zip,libfile_f6b3f975b5448191803c4639deb12200,,7155,cc60f57c432da21a917a9e9ea9b006acb40ec69f0635a66c568a181b3e272f7d,cc60f57c432da21a917a9e9ea9b006acb40ec69f0635a66c568a181b3e272f7d,cc60f57c432da21a917a9e9ea9b006acb40ec69f0635a66c568a181b3e272f7d,7155,已导入本地 Git,
/BEH_统一工作区/90_历史资料/旧文档包/BEH_NativeRenderer视觉保真专项排查_新增文档包_v1.0_2026-08-19.zip,历史资料/旧文档包/BEH_NativeRenderer视觉保真专项排查_新增文档包_v1.0_2026-08-19.zip,libfile_8041425ff9cc8191afc7d9520f84f9cc,,6552,7698083b8ba00d790e61af8bc9d86c5c07354ef5f5209b9ab38c142478f04fde,7698083b8ba00d790e61af8bc9d86c5c07354ef5f5209b9ab38c142478f04fde,7698083b8ba00d790e61af8bc9d86c5c07354ef5f5209b9ab38c142478f04fde,6552,已导入本地 Git,
/BEH_统一工作区/90_历史资料/旧文档包/BEH_交互与测试补充规范_无人工参与_v1.1_2026-08-19.zip,历史资料/旧文档包/BEH_交互与测试补充规范_无人工参与_v1.1_2026-08-19.zip,libfile_0657109cec98819188c5c5fb377a5ebf,,13762,87eaf9c710a201e47ac51febc44cb9c2e122e85c85a15a5fa5b6a37438679142,87eaf9c710a201e47ac51febc44cb9c2e122e85c85a15a5fa5b6a37438679142,87eaf9c710a201e47ac51febc44cb9c2e122e85c85a15a5fa5b6a37438679142,13762,已导入本地 Git,
/BEH_统一工作区/90_历史资料/旧文档包/BEH_交互与测试补充规范_新增文档包_v1.0_2026-08-19.zip,历史资料/旧文档包/BEH_交互与测试补充规范_新增文档包_v1.0_2026-08-19.zip,libfile_44a526e911f48191a1996f178e43acc6,,13194,32cee72fedfaf7e733b670d682da006f18606ab0d0caa5558bf28a4c23d2f3bb,32cee72fedfaf7e733b670d682da006f18606ab0d0caa5558bf28a4c23d2f3bb,32cee72fedfaf7e733b670d682da006f18606ab0d0caa5558bf28a4c23d2f3bb,13194,已导入本地 Git,
/BEH_统一工作区/90_历史资料/BEH/BEH_交互与测试补充规范_新增文档包_v1.0_2026-08-19.zip,历史资料/BEH/BEH_交互与测试补充规范_新增文档包_v1.0_2026-08-19.zip,libfile_4f6c688fd16c81919f5e2f79eff9a485,,13194,32cee72fedfaf7e733b670d682da006f18606ab0d0caa5558bf28a4c23d2f3bb,32cee72fedfaf7e733b670d682da006f18606ab0d0caa5558bf28a4c23d2f3bb,32cee72fedfaf7e733b670d682da006f18606ab0d0caa5558bf28a4c23d2f3bb,13194,已导入本地 Git,
/BEH_统一工作区/90_历史资料/BEH/ADDON_MANIFEST_交互与测试补充规范_v1.0_2026-08-19.json,历史资料/BEH/ADDON_MANIFEST_交互与测试补充规范_v1.0_2026-08-19.json,libfile_3a9dbd9e381c819195b996172af65bf4,,1312,41517458dd50899ff2b75ffef615be34ddb3e225f6a1c218c02275a407c85b9b,41517458dd50899ff2b75ffef615be34ddb3e225f6a1c218c02275a407c85b9b,41517458dd50899ff2b75ffef615be34ddb3e225f6a1c218c02275a407c85b9b,1312,已导入本地 Git,
/BEH_统一工作区/90_历史资料/BEH/ADDON_README_交互与测试补充规范_v1.0_2026-08-19.md,历史资料/BEH/ADDON_README_交互与测试补充规范_v1.0_2026-08-19.md,libfile_7c535a9fb868819190e8591659e2aca3,,1561,058d191050fa72d641287ead64084ea1f624b2cee96db53128a9635473fc58bb,058d191050fa72d641287ead64084ea1f624b2cee96db53128a9635473fc58bb,058d191050fa72d641287ead64084ea1f624b2cee96db53128a9635473fc58bb,1561,已导入本地 Git,
/BEH_统一工作区/10_网页工作台/参考规范/32_当前交互缺陷_HumanGolden验收案例_v1.0.md,网页工作台/参考规范/32_当前交互缺陷_HumanGolden验收案例_v1.0.md,libfile_dd22cc70daa88191a45280edc7e68135,,2938,2988ce485002b0a4ad4c7edaf9585d0452e805cf5047d2d27c5a4a8cbf6ad7ee,2988ce485002b0a4ad4c7edaf9585d0452e805cf5047d2d27c5a4a8cbf6ad7ee,31d90d02686dcdf4133a6e9f7632260d21f3d079cb9f0681384a1baae0e50228,3200,已导入本地 Git,增加归档说明和/或适配文件引用；对应资料版本保存在导入提交中
/BEH_统一工作区/10_网页工作台/参考规范/31_NativeScene视觉保真与Arrow_Port_Relation验收规范_v1.0.md,网页工作台/参考规范/31_NativeScene视觉保真与Arrow_Port_Relation验收规范_v1.0.md,libfile_802b8acc77308191ab69fa0eafaa75f2,,3192,f2d1c3e2c95800610ad70a7ff3613821a0feae43f0f15d6e8ece9c179d7d8395,f2d1c3e2c95800610ad70a7ff3613821a0feae43f0f15d6e8ece9c179d7d8395,ddb5bf14ff5737d56a2e9513ea2dda688924d4ba36df9f80292c7d55909e9c20,3454,已导入本地 Git,增加归档说明和/或适配文件引用；对应资料版本保存在导入提交中
/BEH_统一工作区/10_网页工作台/参考规范/30_Playwright连续交互_状态机与Viewport测试规范_v1.0.md,网页工作台/参考规范/30_Playwright连续交互_状态机与Viewport测试规范_v1.0.md,libfile_9f4c36ac9ec081919a8cbeaf6ad73d4c,,3739,9944f6859040ace12d57089696542c5157fc4a74eb961681ed2630edd0589f81,9944f6859040ace12d57089696542c5157fc4a74eb961681ed2630edd0589f81,e112b66156ccc3d504cecf23c036aad4d45bdbf8abf1e75312605226cfdc0a46,4001,已导入本地 Git,增加归档说明和/或适配文件引用；对应资料版本保存在导入提交中
/BEH_统一工作区/10_网页工作台/参考规范/29_HumanAcceptanceGolden与TestOracle规范_v1.0.md,网页工作台/参考规范/29_HumanAcceptanceGolden与TestOracle规范_v1.0.md,libfile_5278b189a94481919c64bb02c169a37d,,3327,89a90c175788410dd5bff5426e80ae50baa23c414940d0e2fb108066568dfea0,89a90c175788410dd5bff5426e80ae50baa23c414940d0e2fb108066568dfea0,275f9e38e741afefd1fb41e99e31e5d35c868718969dde2e1aa6767198f84b3c,3589,已导入本地 Git,增加归档说明和/或适配文件引用；对应资料版本保存在导入提交中
/BEH_统一工作区/10_网页工作台/参考规范/28_Web画布交互行为契约_v1.0.md,网页工作台/参考规范/28_Web画布交互行为契约_v1.0.md,libfile_aa1eba6834d481919e6472c15ce461c8,,6860,956b5f2e79d19940684579ce83a485a09c77c78ed9c65cabcb326ea7d68682fb,956b5f2e79d19940684579ce83a485a09c77c78ed9c65cabcb326ea7d68682fb,20f7720d884896f19c1686b71aba66ea533f4b44e5bdb060d00ac4e2ee54194e,7122,已导入本地 Git,增加归档说明和/或适配文件引用；对应资料版本保存在导入提交中
/BEH_统一工作区/90_历史资料/旧文档包/BEH图源与代码分析工作台_新项目文档集_v1.0_2026-08-19_最新版.zip,历史资料/旧文档包/BEH图源与代码分析工作台_新项目文档集_v1.0_2026-08-19_最新版.zip,libfile_4d9223a52fe88191bca2c5fcbd32b1b3,,60136,617506f4525f7d1bc9e0ad4ff312537475fb46353eb19b52ad430e3d343f21a0,da7a691eb03b01f82b70742c998e5c54acca69f84372bd36725c6df2e681fb7d,da7a691eb03b01f82b70742c998e5c54acca69f84372bd36725c6df2e681fb7d,60122,已导入本地 Git,统一整理展示表述，并更新对应校验值（2026-09-18）
/BEH_统一工作区/00_总览与规则/参考规范/02A_按事实域划分的证据可信度矩阵_v1.0.md,总览与规则/参考规范/02A_按事实域划分的证据可信度矩阵_v1.0.md,libfile_fd0a36569718819193d9592d4a24aeda,,12288,a9a17dee7b6ad6a27d119796e0970614b99bf26cd21bea5bfaadf0371559378f,a9a17dee7b6ad6a27d119796e0970614b99bf26cd21bea5bfaadf0371559378f,f29d3f035666231131558be8663ef657d96cc68f4fff1dd07556676af4ef02a8,12550,已导入本地 Git,增加归档说明和/或适配文件引用；对应资料版本保存在导入提交中
/BEH_统一工作区/90_历史资料/旧文档包/BEH_新项目文档集.zip,历史资料/旧文档包/BEH_新项目文档集.zip,libfile_2ccf77d79dcc8191b053458d1d4ccb1d,,60109,6b3ce478f8c7beac33b13aa7d62e4ae16a8b5f0cbd05db0d3a3c0da06111f50d,6b3ce478f8c7beac33b13aa7d62e4ae16a8b5f0cbd05db0d3a3c0da06111f50d,6b3ce478f8c7beac33b13aa7d62e4ae16a8b5f0cbd05db0d3a3c0da06111f50d,60109,已导入本地 Git,
/BEH_统一工作区/90_历史资料/BEH/BEH图源与代码分析工作台_新项目文档集_v1.0_2026-08-19.zip,历史资料/BEH/BEH图源与代码分析工作台_新项目文档集_v1.0_2026-08-19.zip,libfile_330d2dd88ea4819184c1abf17a845a81,1,60136,617506f4525f7d1bc9e0ad4ff312537475fb46353eb19b52ad430e3d343f21a0,da7a691eb03b01f82b70742c998e5c54acca69f84372bd36725c6df2e681fb7d,da7a691eb03b01f82b70742c998e5c54acca69f84372bd36725c6df2e681fb7d,60122,已导入本地 Git,统一整理展示表述，并更新对应校验值（2026-09-18）
/BEH_统一工作区/90_历史资料/BEH/README.md,历史资料/BEH/README.md,libfile_d783221a23348191bd5987b9b585e9a5,,679,d05d883a83ac6c984579232759efbe7c27e167a04b5676016f5a81d5edcfa748,d05d883a83ac6c984579232759efbe7c27e167a04b5676016f5a81d5edcfa748,d05d883a83ac6c984579232759efbe7c27e167a04b5676016f5a81d5edcfa748,679,已导入本地 Git,
/BEH_统一工作区/90_历史资料/BEH/PROJECT_INSTRUCTIONS_项目运行规则_v1.0_2026-08-19.md,历史资料/BEH/PROJECT_INSTRUCTIONS_项目运行规则_v1.0_2026-08-19.md,libfile_cda7d8567a7881919629b854ee0f82da,1,4834,8e0eafd82f46d03c479cacb31018146ce3414aeee00b747f882c208a70aabede,8e0eafd82f46d03c479cacb31018146ce3414aeee00b747f882c208a70aabede,8e0eafd82f46d03c479cacb31018146ce3414aeee00b747f882c208a70aabede,4834,已导入本地 Git,
/BEH_统一工作区/90_历史资料/BEH/DOCUMENT_MANIFEST.json,历史资料/BEH/DOCUMENT_MANIFEST.json,libfile_d79e962151ac81919449c397ed28828f,1,6187,5c3e749f5331573d2ba6ec94fc5d9d9ffa0ecd7ef82102aa38dc8382f3caa20c,a276ad9e1ee2f1119498646e94d307008c05d62a1f73973b6d073168bd3875ac,a276ad9e1ee2f1119498646e94d307008c05d62a1f73973b6d073168bd3875ac,6187,已导入本地 Git,统一整理展示表述，并更新对应校验值（2026-09-18）
/BEH_统一工作区/90_历史资料/后置能力/27_精雕细琢与高级能力路线_后置_v1.0.md,历史资料/后置能力/27_精雕细琢与高级能力路线_后置_v1.0.md,libfile_cb7434080098819197d17d8a6bdf38dd,,1607,3a91a46c4068e0ee149ff839c0c12b14bdcc107e319d8bbaac45be57bc29a1a5,3a91a46c4068e0ee149ff839c0c12b14bdcc107e319d8bbaac45be57bc29a1a5,3a91a46c4068e0ee149ff839c0c12b14bdcc107e319d8bbaac45be57bc29a1a5,1607,已导入本地 Git,
/BEH_统一工作区/10_网页工作台/参考规范/26_Web信息架构与画布优先交互设计_v1.0.md,网页工作台/参考规范/26_Web信息架构与画布优先交互设计_v1.0.md,libfile_470f284bd1b881919b7399240f660923,,3152,b6e356904f644e77959975eed4a8aa16313d8b2882fd441b6a8fc34e8961ec2d,b6e356904f644e77959975eed4a8aa16313d8b2882fd441b6a8fc34e8961ec2d,115025fd64f845f6ccef4482ba042563176cbad466a77f1bdec3d020005ac3ba,3414,已导入本地 Git,增加归档说明和/或适配文件引用；对应资料版本保存在导入提交中
/BEH_统一工作区/00_总览与规则/参考规范/25_模型任务SOP与输出Schema执行规范_v1.0.md,总览与规则/参考规范/25_模型任务SOP与输出Schema执行规范_v1.0.md,libfile_6a37a630d63c819194f852fb19dce99f,,1285,1a79dacf57952071ecb1c053e22c1cc84dc93a93ddd64d38c1f68e80486f04fc,1a79dacf57952071ecb1c053e22c1cc84dc93a93ddd64d38c1f68e80486f04fc,5821c9dbebe7997967b00c1dfafa75ea78f2d21d0d5d2366701ba3e75998f5eb,1547,已导入本地 Git,增加归档说明和/或适配文件引用；对应资料版本保存在导入提交中
/BEH_统一工作区/00_总览与规则/参考规范/24_证据优先_禁止硬凑与防补丁原则_v1.0.md,总览与规则/参考规范/24_证据优先_禁止硬凑与防补丁原则_v1.0.md,libfile_21be83bdb8f8819187b895d71b3f045b,,2137,05e30f2bb9796247c1a4e32e6e66eab433a8b90914547589b59af76789921301,05e30f2bb9796247c1a4e32e6e66eab433a8b90914547589b59af76789921301,36b5ee146321737dd789b8b911a9e817fd172c1be27dd8b2e9a0b0cdf69c7168,2399,已导入本地 Git,增加归档说明和/或适配文件引用；对应资料版本保存在导入提交中
/BEH_统一工作区/40_AI开发/参考规范/23_beh_compose_graph_and_code_Skill设计_v1.0.md,AI图元与代码开发/参考规范/23_beh_compose_graph_and_code_Skill设计_v1.0.md,libfile_be01c8fc29b08191ad7fb6f0b50bf305,,1935,78e2d238ae8c18311be88af4d8d534ca231532df959c227ca2607e113d176850,78e2d238ae8c18311be88af4d8d534ca231532df959c227ca2607e113d176850,20b9b1b532e8b6d5eb382a538fab7b52e0622f216faf8add920d8773a3029705,2197,已导入本地 Git,增加归档说明和/或适配文件引用；对应资料版本保存在导入提交中
/BEH_统一工作区/20_AI解释/参考规范/22_beh_diagram_analysis_Skill设计_v1.0.md,AI解释/参考规范/22_beh_diagram_analysis_Skill设计_v1.0.md,libfile_62cbb4cb9fe481918afa4717ee1f018a,,2567,2c6118b095cfcc1eb0d272e05ab5b8905ece7ccea6e3bd8477b06ad32d2d7308,2c6118b095cfcc1eb0d272e05ab5b8905ece7ccea6e3bd8477b06ad32d2d7308,9dec5a184214e9ecb14641b14390592d7f6fd933d4930307f3a1dc652da4a414,2829,已导入本地 Git,增加归档说明和/或适配文件引用；对应资料版本保存在导入提交中
/BEH_统一工作区/00_总览与规则/参考规范/21_DeepSeekV4Flash_GLM5_2_Harness工程规范_v1.0.md,总览与规则/参考规范/21_DeepSeekV4Flash_GLM5_2_Harness工程规范_v1.0.md,libfile_bd2b5517ff44819181938ed9a82f0e6f,,3120,576719343e20f1b3d24563104f3f3aabf41faec86fa288373e39e720d643f282,576719343e20f1b3d24563104f3f3aabf41faec86fa288373e39e720d643f282,4fe70084f33eaeff8eda943da2e2baec90cfcc38d680a8b861e1a1f59d816adc,3382,已导入本地 Git,增加归档说明和/或适配文件引用；对应资料版本保存在导入提交中
/BEH_统一工作区/00_总览与规则/参考规范/20_大项目性能_稳定性与安全测试_v1.0.md,总览与规则/参考规范/20_大项目性能_稳定性与安全测试_v1.0.md,libfile_1fc87f86bd348191915ace74a8a49818,,2331,6726a04bd9712ac71066c29b3e6b1d5ff769a103c67187f513f757dca8a5e855,6726a04bd9712ac71066c29b3e6b1d5ff769a103c67187f513f757dca8a5e855,5bc3830f1bae56f10f036fd35a7b9f9c332fa646e913a37f3da5fab08ae67f3c,2593,已导入本地 Git,增加归档说明和/或适配文件引用；对应资料版本保存在导入提交中
/BEH_统一工作区/10_网页工作台/参考规范/19_Golden样本_回归数据集与原生BEH对照_v1.0.md,网页工作台/参考规范/19_Golden样本_回归数据集与原生BEH对照_v1.0.md,libfile_6f282f0276808191b55c86ce984277f8,,2095,68a6ac151a08f77791f30563c9ca58301639e3688ecaa55f7d3dfd34f1443ea0,68a6ac151a08f77791f30563c9ca58301639e3688ecaa55f7d3dfd34f1443ea0,a5d4fdcf2a9be3d894c404b49836c6296418492db819b5ac4075182b58d9f27c,2357,已导入本地 Git,增加归档说明和/或适配文件引用；对应资料版本保存在导入提交中
/BEH_统一工作区/10_网页工作台/参考规范/18_Playwright端到端测试设计_v1.0.md,网页工作台/参考规范/18_Playwright端到端测试设计_v1.0.md,libfile_c4ae059fb70c819195b55e364aacf13e,,2929,a369766aea6cdbb77e3c9955843b3b8226b649e978a389bb94a7ff34aeb1817f,a369766aea6cdbb77e3c9955843b3b8226b649e978a389bb94a7ff34aeb1817f,472a27393ea2a610d63e82cc0efce2252740a2864ef002fcaf83e8431e30639f,3191,已导入本地 Git,增加归档说明和/或适配文件引用；对应资料版本保存在导入提交中
/BEH_统一工作区/00_总览与规则/参考规范/17_测试总策略与阶段质量门禁_v1.0.md,总览与规则/参考规范/17_测试总策略与阶段质量门禁_v1.0.md,libfile_24a48dcf2a108191b23b7dceeadc873b,,3283,70c840b9b448c742095fe9c57b0d16c09a12849a3c63ee71abb4f1024b0a9c35,70c840b9b448c742095fe9c57b0d16c09a12849a3c63ee71abb4f1024b0a9c35,0acbae342d732e359632d313cc5619af4ddecc61dd50cd34f28a9569ab7db63e,3545,已导入本地 Git,增加归档说明和/或适配文件引用；对应资料版本保存在导入提交中
/BEH_统一工作区/40_AI开发/参考规范/16_ProposalGraphOperations与CodePatch数据契约_v1.0.md,AI图元与代码开发/参考规范/16_ProposalGraphOperations与CodePatch数据契约_v1.0.md,libfile_3df715d2f9a08191b6f8591f7e818f66,,1760,faf777ac005981285218785a4e6883fab74cfb6c09441c5d197c542d0aea0205,faf777ac005981285218785a4e6883fab74cfb6c09441c5d197c542d0aea0205,e5702d7da053295ce6c78bcc8eac4549dd55ac9231b948aa34dd58207e4c2199,2022,已导入本地 Git,增加归档说明和/或适配文件引用；对应资料版本保存在导入提交中
/BEH_统一工作区/20_AI解释/参考规范/15_AnalysisTaskBundle与ResultBundle数据契约_v1.0.md,AI解释/参考规范/15_AnalysisTaskBundle与ResultBundle数据契约_v1.0.md,libfile_2ff2a1dc97bc8191bd8ebd420b17bd85,,2629,1cdd4a0a0d9f01f2114a4678ec1160471173d3da2412790743c3451053bfb476,1cdd4a0a0d9f01f2114a4678ec1160471173d3da2412790743c3451053bfb476,e064182a8a65ba5236154d7a51478021c8c5da630cbdb220a64cb564a13bb0f6,2891,已导入本地 Git,增加归档说明和/或适配文件引用；对应资料版本保存在导入提交中
/BEH_统一工作区/10_网页工作台/参考规范/14_Selection_Annotation_Intent数据契约_v1.0.md,网页工作台/参考规范/14_Selection_Annotation_Intent数据契约_v1.0.md,libfile_cecfd4c1168c8191b760d69950f609b4,,2284,4f3229c5786afbf047bc88e20a089f9d5db356319fbe41968ef3dce108fcf1b9,4f3229c5786afbf047bc88e20a089f9d5db356319fbe41968ef3dce108fcf1b9,a30880e5023c43b38f4fff45d02dc82dc82e835ffd8fc1178fb31f9863a0e06a,2546,已导入本地 Git,增加归档说明和/或适配文件引用；对应资料版本保存在导入提交中
/BEH_统一工作区/10_网页工作台/参考规范/13_NativeSceneBundle与HitMap数据契约_v1.0.md,工具接入与共享能力/BEH原生能力/场景与对象/13_NativeSceneBundle与HitMap数据契约_v1.0.md,libfile_040be33057d48191961694a001fc36d9,,3793,d347d712c59247686808e22063ae74a45e9bd1a4fd74b6893ba0544382cd07d7,d347d712c59247686808e22063ae74a45e9bd1a4fd74b6893ba0544382cd07d7,71979651bd0db83ad3ebb25db0a2155315f92bbc89c418056057627c00482396,4058,已导入本地 Git,增加归档说明和/或适配文件引用；对应资料版本保存在导入提交中
/BEH_统一工作区/90_历史资料/BEH/00_START_HERE_项目入口与文档顺序_v1.0_2026-08-19.md,历史资料/BEH/00_START_HERE_项目入口与文档顺序_v1.0_2026-08-19.md,libfile_db1f4e86e4ec8191b87b3e2457d01da9,1,5110,7dba8307bedfe8d3dc82475b0c0611fcd51eb7ece21ef63d15644ea25548a031,7dba8307bedfe8d3dc82475b0c0611fcd51eb7ece21ef63d15644ea25548a031,7dba8307bedfe8d3dc82475b0c0611fcd51eb7ece21ef63d15644ea25548a031,5110,已导入本地 Git,
/BEH_统一工作区/50_共享能力/代码关联与宿主接入/12_阶段6_Workbench与DeepSeekHarness一体化_v1.0.md,工具接入与共享能力/代码关联与宿主接入/12_阶段6_Workbench与DeepSeekHarness一体化_v1.0.md,libfile_21b73bd8d8ec8191a1ba0579bc1e10e5,,1401,f1a3ea7b18be6438014519dccbf4c73ae8c46c3984bef0d86e62896a00987cba,f1a3ea7b18be6438014519dccbf4c73ae8c46c3984bef0d86e62896a00987cba,a8d13f5f89708b8e7c3a538f80a2efe21d45a14be4079f2ec9985bf21eaac480,1663,已导入本地 Git,增加归档说明和/或适配文件引用；对应资料版本保存在导入提交中
/BEH_统一工作区/40_AI开发/参考规范/11_阶段5_原生应用_RoundTrip与安全提交_v1.0.md,AI图元与代码开发/参考规范/11_阶段5_原生应用_RoundTrip与安全提交_v1.0.md,libfile_df0f1c40879081918e1a2b3311c36136,,1272,388909da626999439c4cd05fca24b40387e7b123bbcb0b0d8945a0a6e265a29d,388909da626999439c4cd05fca24b40387e7b123bbcb0b0d8945a0a6e265a29d,a57465ba7bf6bcdb5baa4e828319d220a5c9168a5101cc1bdf6fec60acbc5423,1534,已导入本地 Git,增加归档说明和/或适配文件引用；对应资料版本保存在导入提交中
/BEH_统一工作区/40_AI开发/参考规范/10_阶段4_AI开发图元与C_CPP代码候选MVP_v1.0.md,AI图元与代码开发/参考规范/10_阶段4_AI开发图元与C_CPP代码候选MVP_v1.0.md,libfile_5c7b272f50148191be1acd2efb3904a7,,1620,58269e3255be981d3246c037c34c99d60c92e2d755b75c6e5128a2ba92afbafc,58269e3255be981d3246c037c34c99d60c92e2d755b75c6e5128a2ba92afbafc,4fb72f0c94deafbcac7f0ef191302b8dd72be1cd8000735ab31cdf33abafbf2d,1882,已导入本地 Git,增加归档说明和/或适配文件引用；对应资料版本保存在导入提交中
/BEH_统一工作区/50_共享能力/代码关联与宿主接入/09_阶段3_代码仓关联与解释准确性增强_v1.0.md,工具接入与共享能力/代码关联与宿主接入/09_阶段3_代码仓关联与解释准确性增强_v1.0.md,libfile_fcfd2b8d36a48191aaaea1dff8d6e0ed,,1776,74777a9bb86fffb673bd699db2360486db0d93a0d7e1cc330395c358ffdd5541,74777a9bb86fffb673bd699db2360486db0d93a0d7e1cc330395c358ffdd5541,3fddc2b2388134e7b9f3da22fe828ecbef4aac22753097a0bd3cabebce9dbfb5,2038,已导入本地 Git,增加归档说明和/或适配文件引用；对应资料版本保存在导入提交中
/BEH_统一工作区/20_AI解释/参考规范/08_阶段2_AI解释MVP_外置Skill_v1.0.md,AI解释/参考规范/08_阶段2_AI解释MVP_外置Skill_v1.0.md,libfile_2d9365e4bccc8191b320a29508c1d27d,,2033,3af1719ec1680fefce9c710fa7ede6d1a2819803873798506babec7c063b96b8,3af1719ec1680fefce9c710fa7ede6d1a2819803873798506babec7c063b96b8,2390acb8b304af69c5d9bf7f43caee7670460657c59aabe73dde7b5774838089,2295,已导入本地 Git,增加归档说明和/或适配文件引用；对应资料版本保存在导入提交中
/BEH_统一工作区/10_网页工作台/参考规范/07_阶段1_Web查看圈选与任务导出MVP_v1.0.md,网页工作台/参考规范/07_阶段1_Web查看圈选与任务导出MVP_v1.0.md,libfile_1ae513c058dc8191ae0aca54c959713a,,2281,0c31e56a1fcf05dd6dd30a4b80003600b9f1d4dc88099dd3bc45a8ac9b87a40d,0c31e56a1fcf05dd6dd30a4b80003600b9f1d4dc88099dd3bc45a8ac9b87a40d,e94db2d420516229aef749703a90eac2b01cd80409a5bb127b2bcf88775b1fe4,2543,已导入本地 Git,增加归档说明和/或适配文件引用；对应资料版本保存在导入提交中
/BEH_统一工作区/10_网页工作台/参考规范/06_阶段0_原生Headless场景底座固化_v1.0.md,工具接入与共享能力/BEH原生能力/场景与对象/06_阶段0_原生Headless场景底座固化_v1.0.md,libfile_a4822ea70f78819187962e98ef9b4312,,1943,f2c9ca4cd1bcbc48d3839908a4dc2814a9d0dfd5e8681cd94cb3cde1a75d0f80,f2c9ca4cd1bcbc48d3839908a4dc2814a9d0dfd5e8681cd94cb3cde1a75d0f80,c8186f5282ae8a9f0f43817efcd8695752cebd745a87ba90d82f50f58d7ecf18,2208,已导入本地 Git,增加归档说明和/或适配文件引用；对应资料版本保存在导入提交中
/BEH_统一工作区/90_历史资料/BEH/00_Current/05_开发总路线图_先解释后开发_v1.0.md,历史资料/BEH/00_Current/05_开发总路线图_先解释后开发_v1.0.md,libfile_758b775dde048191b814e8b522f17bc2,,2684,53785e4a9985d0e1eacffb7a25beef9a7f6d0556c9e0f757079fc1c086df29c2,53785e4a9985d0e1eacffb7a25beef9a7f6d0556c9e0f757079fc1c086df29c2,53785e4a9985d0e1eacffb7a25beef9a7f6d0556c9e0f757079fc1c086df29c2,2684,已导入本地 Git,
/BEH_统一工作区/00_总览与规则/参考规范/04_代码仓与目录架构_v1.0.md,总览与规则/参考规范/04_代码仓与目录架构_v1.0.md,libfile_0b2a4b6210dc8191a3ac932085d02417,,2918,aa8d29a55490aa30fbe1ef405db84f3791582c7687c819051aa4b7cf9c35625d,713eda50a5702ffd9ba816e0174e30b9204c45cb2c731673f2d1870430caffce,f59d5ece56d5c32fb86dd117f04293bb88c135acdf0f8efacab124d2af32da67,3153,已导入本地 Git,增加归档说明和/或适配文件引用；对应资料版本保存在导入提交中；统一整理展示表述，并更新对应校验值（2026-09-18）
/BEH_统一工作区/00_总览与规则/参考规范/03_总体软件架构与关键决策_v1.0.md,总览与规则/参考规范/03_总体软件架构与关键决策_v1.0.md,libfile_beb6361d713481919a0d3989d362ee71,,4344,bed8b150c924ca5b3fd1cc231d86fd3d3c2e73f00ba48a9f48423e97467bf6f6,bed8b150c924ca5b3fd1cc231d86fd3d3c2e73f00ba48a9f48423e97467bf6f6,0e457ecd412df7800720bf251d5821c4b781a56cad5d99eb92bbdb73bfb9017e,4606,已导入本地 Git,增加归档说明和/或适配文件引用；对应资料版本保存在导入提交中
/BEH_统一工作区/00_总览与规则/参考规范/02_术语_事实源与信任边界_v1.0.md,总览与规则/参考规范/02_术语_事实源与信任边界_v1.0.md,libfile_94a10b97c0408191b017f0a82769904a,1,6154,e82a9517bd4f2f4d1b748a4cf00dfe1c93f2a4772534fa5066fca8c4215bbca1,e82a9517bd4f2f4d1b748a4cf00dfe1c93f2a4772534fa5066fca8c4215bbca1,0f4f6502900cbb69ba0b69bb8898c62ec9e69c1a67b4c0d2432f0910c961e3d2,6416,已导入本地 Git,增加归档说明和/或适配文件引用；对应资料版本保存在导入提交中
/BEH_统一工作区/00_总览与规则/参考规范/01_项目章程_目标范围与非目标_v1.0.md,总览与规则/参考规范/01_项目章程_目标范围与非目标_v1.0.md,libfile_a80beb0b6a508191979f626cbc05626c,,3076,1aebd59aed4773dc70b5555d0b7349fb324164a8fec1b9ebf6a02134ae8710cf,1aebd59aed4773dc70b5555d0b7349fb324164a8fec1b9ebf6a02134ae8710cf,920c7929b02a4aab1fa13e29cd1e94eeb716c0bcbb5c87f321ae3fd0919f5d77,3338,已导入本地 Git,增加归档说明和/或适配文件引用；对应资料版本保存在导入提交中
/BEH_统一工作区/90_历史资料/早期方案/BEH_Native_Headless_Full_Scene_可行性验证文档.md,历史资料/早期方案/BEH_Native_Headless_Full_Scene_可行性验证文档.md,libfile_92a04deb8b408191a9a238ba7333de81,,13763,b95082236704e7a0ff33ff1d43915e5e8cf9367f83ed07de98b22647d224cee6,b95082236704e7a0ff33ff1d43915e5e8cf9367f83ed07de98b22647d224cee6,b95082236704e7a0ff33ff1d43915e5e8cf9367f83ed07de98b22647d224cee6,13763,已导入本地 Git,
/BEH_统一工作区/90_历史资料/旧文档包/BEH_AI图源_公司使用版.zip,历史资料/旧文档包/BEH_AI图源_公司使用版.zip,libfile_ab0b3fa5c06c8191a94f0aa2a2d0c4f1,,25038,e5f004f697e5bfcbca9d97fd4420319475dbe2abe20f94cb4180f93bf1b6df4d,e5f004f697e5bfcbca9d97fd4420319475dbe2abe20f94cb4180f93bf1b6df4d,e5f004f697e5bfcbca9d97fd4420319475dbe2abe20f94cb4180f93bf1b6df4d,25038,已导入本地 Git,
/BEH_统一工作区/90_历史资料/早期方案/09_BEH图源项目_不可违背的证据与工程原则.md,历史资料/早期方案/09_BEH图源项目_不可违背的证据与工程原则.md,libfile_617bfd0e95a08191a9810093940ec7dd,,8380,43c51d21f6d9bab1aab736d1da7c48e4c5ea1a5ea46cf2ebd60c12faaa7ec65e,43c51d21f6d9bab1aab736d1da7c48e4c5ea1a5ea46cf2ebd60c12faaa7ec65e,43c51d21f6d9bab1aab736d1da7c48e4c5ea1a5ea46cf2ebd60c12faaa7ec65e,8380,已导入本地 Git,
/BEH_统一工作区/90_历史资料/早期方案/07_阶段4_Compose人机共创与AI写图源.md,历史资料/早期方案/07_阶段4_Compose人机共创与AI写图源.md,libfile_dc4b3e7584d88191bfaaa882b5ba9531,,2314,9ed2f73b31acb74854b6f767d1c698cb35f710df254a7e7a8c813a9ccba6ee86,9ed2f73b31acb74854b6f767d1c698cb35f710df254a7e7a8c813a9ccba6ee86,9ed2f73b31acb74854b6f767d1c698cb35f710df254a7e7a8c813a9ccba6ee86,2314,已导入本地 Git,
/BEH_统一工作区/90_历史资料/早期方案/05_阶段2_Relation结构化Review与原生BEH核验.md,历史资料/早期方案/05_阶段2_Relation结构化Review与原生BEH核验.md,libfile_94dbb71e3c8481919c593dfe4ec0e882,,2308,20903314fb258eda80eb0feaa4cafa9baf5abf1087c9a050ca41fbfa6865ac84,20903314fb258eda80eb0feaa4cafa9baf5abf1087c9a050ca41fbfa6865ac84,20903314fb258eda80eb0feaa4cafa9baf5abf1087c9a050ca41fbfa6865ac84,2308,已导入本地 Git,
/BEH_统一工作区/90_历史资料/早期方案/02_BEH_AI图源项目_开发路线图.md,历史资料/早期方案/02_BEH_AI图源项目_开发路线图.md,libfile_7f0487c2f29c8191b8353a4453a8cdba,,3681,743b9c77b9660ef9f5471198e4368670bbbef39bbea323afd0b358fefbd6e662,743b9c77b9660ef9f5471198e4368670bbbef39bbea323afd0b358fefbd6e662,743b9c77b9660ef9f5471198e4368670bbbef39bbea323afd0b358fefbd6e662,3681,已导入本地 Git,
/BEH_统一工作区/90_历史资料/早期方案/01_BEH_AI图源工作台_总体设计书.md,历史资料/早期方案/01_BEH_AI图源工作台_总体设计书.md,libfile_d3a103c30a8c819181d6197bb80ecef5,,6992,19f0bd2bc9961db4e5622ab7ae1610e6a7d85f3050a5321df83bb016e2163c5d,19f0bd2bc9961db4e5622ab7ae1610e6a7d85f3050a5321df83bb016e2163c5d,19f0bd2bc9961db4e5622ab7ae1610e6a7d85f3050a5321df83bb016e2163c5d,6992,已导入本地 Git,
/BEH_统一工作区/90_历史资料/旧文档包/BEH_AI图源_最新重构版_DeepSeek弱模型适配.zip,历史资料/旧文档包/BEH_AI图源_最新重构版_DeepSeek弱模型适配.zip,libfile_46ffd31f12088191b687832ad8732e22,,24271,9bac90b22de3bc56f9b4f2f63517f5729bdae4e140ab56494f53f7ac8a54bf6c,9bac90b22de3bc56f9b4f2f63517f5729bdae4e140ab56494f53f7ac8a54bf6c,9bac90b22de3bc56f9b4f2f63517f5729bdae4e140ab56494f53f7ac8a54bf6c,24271,已导入本地 Git,
/BEH_统一工作区/90_历史资料/早期方案/06_阶段4_Compose人机共创与AI写图源.md,历史资料/早期方案/06_阶段4_Compose人机共创与AI写图源.md,libfile_06afbfb06abc81918eaa2f3837a72a78,,3576,cc96fc9f38943c1fab0a71b4474f43c97254a790c51805a55f0aad0d5550a00c,cc96fc9f38943c1fab0a71b4474f43c97254a790c51805a55f0aad0d5550a00c,cc96fc9f38943c1fab0a71b4474f43c97254a790c51805a55f0aad0d5550a00c,3576,已导入本地 Git,
/BEH_统一工作区/90_历史资料/早期方案/04_阶段2_Relation结构化Review与原生BEH核验.md,历史资料/早期方案/04_阶段2_Relation结构化Review与原生BEH核验.md,libfile_7a348458cd7481918a5b7a3bb16b2c72,,4130,4ba888ecdc0cdad14d10e834276159672c98903e25d4eeb508c9b344752fa54b,4ba888ecdc0cdad14d10e834276159672c98903e25d4eeb508c9b344752fa54b,4ba888ecdc0cdad14d10e834276159672c98903e25d4eeb508c9b344752fa54b,4130,已导入本地 Git,
/BEH_统一工作区/90_历史资料/早期方案/02_BEH_AI图源项目_DeepSeek弱模型适配开发路线图.md,历史资料/早期方案/02_BEH_AI图源项目_DeepSeek弱模型适配开发路线图.md,libfile_63a37c10b1388191828794b939254477,,4690,3694342707fc3be3f024ef3db006dce8f5232ee283a434327248af976cdab31c,3694342707fc3be3f024ef3db006dce8f5232ee283a434327248af976cdab31c,3694342707fc3be3f024ef3db006dce8f5232ee283a434327248af976cdab31c,4690,已导入本地 Git,
/BEH_统一工作区/90_历史资料/早期方案/01_BEH_AI图源工作台_最新总体设计书.md,历史资料/早期方案/01_BEH_AI图源工作台_最新总体设计书.md,libfile_87f39ac7ae1081919a987dc532013eda,,8215,3a2a8d6745c71dea8b640e212ee110d8b5a898660a518d0490fef15dc544ce41,3a2a8d6745c71dea8b640e212ee110d8b5a898660a518d0490fef15dc544ce41,3a2a8d6745c71dea8b640e212ee110d8b5a898660a518d0490fef15dc544ce41,8215,已导入本地 Git,
/BEH_统一工作区/90_历史资料/早期方案/BEH人机统一图源工作台_圈选解释_区域生成_草图协同_AI共创设计书(1).md,历史资料/早期方案/BEH人机统一图源工作台_圈选解释_区域生成_草图协同_AI共创设计书(1).md,libfile_aca21fc738dc819194ccf2cdb1d0a08a,,22380,2702ed1b3aa003052adf9f4f7134cfbecb4094fbafe4debb28dbe485d0e699ba,2702ed1b3aa003052adf9f4f7134cfbecb4094fbafe4debb28dbe485d0e699ba,2702ed1b3aa003052adf9f4f7134cfbecb4094fbafe4debb28dbe485d0e699ba,22380,已导入本地 Git,
/BEH_统一工作区/90_历史资料/早期方案/05_阶段5_验证反馈闭环与AI写图源准备.md,历史资料/早期方案/05_阶段5_验证反馈闭环与AI写图源准备.md,libfile_22e991c8f13c8191a078a1fc7cc2a0b1,,3620,515936dbb56c47f43c2e2d1932b2114fcddf3fb03f4f4b681e666265956523d6,515936dbb56c47f43c2e2d1932b2114fcddf3fb03f4f4b681e666265956523d6,515936dbb56c47f43c2e2d1932b2114fcddf3fb03f4f4b681e666265956523d6,3620,已导入本地 Git,
/BEH_统一工作区/90_历史资料/早期方案/04_阶段4_DeepSeekHarness_小视觉模型_多模型验图Agent.md,历史资料/早期方案/04_阶段4_DeepSeekHarness_小视觉模型_多模型验图Agent.md,libfile_9632ee0ff06c819197a2fe5b42f10608,,4016,7e7a24b5a19cfd0a5e5b6381490d6dac773151ff22041982aca91eccd7339583,7e7a24b5a19cfd0a5e5b6381490d6dac773151ff22041982aca91eccd7339583,7e7a24b5a19cfd0a5e5b6381490d6dac773151ff22041982aca91eccd7339583,4016,已导入本地 Git,
/BEH_统一工作区/90_历史资料/早期方案/03_阶段3_BEH原生自动验图机器人.md,历史资料/早期方案/03_阶段3_BEH原生自动验图机器人.md,libfile_0cc34e1997188191bafe7104cb5c79ad,,3977,9bf01e60084c72e0d099c0487b7d47943c4229e3354b9301966bd0c97ffcd795,9bf01e60084c72e0d099c0487b7d47943c4229e3354b9301966bd0c97ffcd795,9bf01e60084c72e0d099c0487b7d47943c4229e3354b9301966bd0c97ffcd795,3977,已导入本地 Git,
/BEH_统一工作区/90_历史资料/早期方案/00_BEH_AI图源项目_分阶段总路线图.md,历史资料/早期方案/00_BEH_AI图源项目_分阶段总路线图.md,libfile_a7de4e3d4ea081918549eb66ecd4a7d3,,5047,0e50f9008964bd7f464b8f9150ce3d279a9e47a66f91efa63dec93434e2628cc,0e50f9008964bd7f464b8f9150ce3d279a9e47a66f91efa63dec93434e2628cc,0e50f9008964bd7f464b8f9150ce3d279a9e47a66f91efa63dec93434e2628cc,5047,已导入本地 Git,
/BEH_统一工作区/90_历史资料/早期方案/BEH人机统一图源工作台_圈选解释_区域生成_草图协同_AI共创设计书.md,历史资料/早期方案/BEH人机统一图源工作台_圈选解释_区域生成_草图协同_AI共创设计书.md,libfile_5519491f86608191baa2dd4f547e4b22,,22380,2702ed1b3aa003052adf9f4f7134cfbecb4094fbafe4debb28dbe485d0e699ba,2702ed1b3aa003052adf9f4f7134cfbecb4094fbafe4debb28dbe485d0e699ba,2702ed1b3aa003052adf9f4f7134cfbecb4094fbafe4debb28dbe485d0e699ba,22380,已导入本地 Git,
/BEH_统一工作区/90_历史资料/早期方案/BEH图元簇_结构化GraphIR与可审计Review设计.md,历史资料/早期方案/BEH图元簇_结构化GraphIR与可审计Review设计.md,libfile_23c51b190e0c8191a95c109742d4527a,,15501,f8c629cfc8ffed605ed4079eb1482c54b1ddd1699c3dcff65fece218eab3131b,f8c629cfc8ffed605ed4079eb1482c54b1ddd1699c3dcff65fece218eab3131b,f8c629cfc8ffed605ed4079eb1482c54b1ddd1699c3dcff65fece218eab3131b,15501,已导入本地 Git,
/BEH_统一工作区/90_历史资料/早期方案/Codex_工业PLC自动化XML标准指纹检测器_BEH成分分析_开发行动指南.md,历史资料/早期方案/Codex_工业PLC自动化XML标准指纹检测器_BEH成分分析_开发行动指南.md,libfile_8d5bca0108c88191b005d8a28f1e57c1,,32357,a925584316113ab20dab4a47b9bb0b1d5b941e81017212867110f527f2aff7c1,a925584316113ab20dab4a47b9bb0b1d5b941e81017212867110f527f2aff7c1,a925584316113ab20dab4a47b9bb0b1d5b941e81017212867110f527f2aff7c1,32357,已导入本地 Git,
/BEH_统一工作区/90_历史资料/早期方案/Codex_BEH_AI接入能力检测器开发指南.md,历史资料/早期方案/Codex_BEH_AI接入能力检测器开发指南.md,libfile_a864bf5946308191a70ea8ea56c3b4fd,,23957,3a55e29cf1155a9227aecbaa88bfcfc49eda3d3cc90f7bd9c47bfbee64e63815,3a55e29cf1155a9227aecbaa88bfcfc49eda3d3cc90f7bd9c47bfbee64e63815,3a55e29cf1155a9227aecbaa88bfcfc49eda3d3cc90f7bd9c47bfbee64e63815,23957,已导入本地 Git,
/BEH_统一工作区/90_历史资料/早期方案/PLCopen_IEC61131-10_XML可见连线与箭头方向判定指南_BEH映射.md,历史资料/早期方案/PLCopen_IEC61131-10_XML可见连线与箭头方向判定指南_BEH映射.md,libfile_909b1d61690c8191a9f0854c3bebbb26,,30317,26febcb96edd140cc5c691d6536f13982dc87d0b8c607a0504b66bdd1defc53b,26febcb96edd140cc5c691d6536f13982dc87d0b8c607a0504b66bdd1defc53b,26febcb96edd140cc5c691d6536f13982dc87d0b8c607a0504b66bdd1defc53b,30317,已导入本地 Git,
/BEH_统一工作区/90_历史资料/早期方案/BEH_JRE_OpenJDK工具包只读分析指导.md,历史资料/早期方案/BEH_JRE_OpenJDK工具包只读分析指导.md,libfile_5ba1557309ac8191b2f5e189d520ea2d,,14468,58d9916261d07847efc4b27cc82e9fa034e6e6795efb18864e9dd34142dcca52,58d9916261d07847efc4b27cc82e9fa034e6e6795efb18864e9dd34142dcca52,58d9916261d07847efc4b27cc82e9fa034e6e6795efb18864e9dd34142dcca52,14468,已导入本地 Git,
/BEH_统一工作区/90_历史资料/早期方案/BEH_XML_01_02_03三文件差分分析提示词.md,历史资料/早期方案/BEH_XML_01_02_03三文件差分分析提示词.md,libfile_bb658aeb8e8481919b1f9483fb388536,,9863,c01a01cee14da0ade031c26cc8c2098010fe777478bd3dbb59de4801bbfd4ae7,c01a01cee14da0ade031c26cc8c2098010fe777478bd3dbb59de4801bbfd4ae7,c01a01cee14da0ade031c26cc8c2098010fe777478bd3dbb59de4801bbfd4ae7,9863,已导入本地 Git,
/BEH_统一工作区/90_历史资料/早期方案/PLC_BEH_XML连接关系与视觉连通簇识别说明.md,历史资料/早期方案/PLC_BEH_XML连接关系与视觉连通簇识别说明.md,libfile_d45e607fd5d88191831a0d60e850ace2,,10671,5b0fe5941af2cc65093f3627bc3226427bfe41c597f5da6b1eecc1dcfe8586cc,5b0fe5941af2cc65093f3627bc3226427bfe41c597f5da6b1eecc1dcfe8586cc,5b0fe5941af2cc65093f3627bc3226427bfe41c597f5da6b1eecc1dcfe8586cc,10671,已导入本地 Git,
/AI人工路径测试自动化/AI人工路径测试自动化_完整包_2026-09-17.zip,AI测试/网页人工路径/AI人工路径测试自动化_完整包_2026-09-17.zip,libfile_4f69f46595a481919a910911822f7325,,78668432,ff2ce6d11c8ef8bdd9cc4448c0eaf6e134aec7206e1f0492da207ff9be3200be,5ba92224544078dc9c34be5b48889dd709dae4cc3c48961eccf91dec3f6c6ab1,5ba92224544078dc9c34be5b48889dd709dae4cc3c48961eccf91dec3f6c6ab1,78668429,已导入本地 Git,统一整理展示表述，并更新对应校验值（2026-09-18）
/AI人工路径测试自动化/01_使用与接入指南_v0.1.0.md,AI测试/网页人工路径/01_使用与接入指南_v0.1.0.md,libfile_da48bdd7fc348191ba522ee2bc8c0549,,9615,1b7aba2fd08302bc7dacf71ac6f05bc93d54c966e2290b55be0f84b699af3378,1b7aba2fd08302bc7dacf71ac6f05bc93d54c966e2290b55be0f84b699af3378,387275d77b05622b4f729b6926a83572ffc9343198f659f935c1c07c09925264,9877,已导入本地 Git,增加归档说明和/或适配文件引用；对应资料版本保存在导入提交中
/AI人工路径测试自动化/00_项目入口与交付清单_v0.1.0.md,AI测试/网页人工路径/00_项目入口与交付清单_v0.1.0.md,libfile_553ec4b42cbc81919c76fc5c4cc4135e,,2478,14921399179773f3006422080feda57815448c1d65e02cc293fee382ab3545df,14921399179773f3006422080feda57815448c1d65e02cc293fee382ab3545df,9ed4f6d7896ae2e6edf76fa46e0887128ec48754aa479c9cf48cb96a81b86107,2740,已导入本地 Git,增加归档说明和/或适配文件引用；对应资料版本保存在导入提交中
/AI人工路径测试自动化/AI人工路径测试自动化_实测证据_v0.1.0.zip,AI测试/网页人工路径/AI人工路径测试自动化_实测证据_v0.1.0.zip,libfile_c2fbaa987c3c81918f1b49b51b501709,,78463971,0574e1f0e58df92226f544b119e3f7acd90b8fc925fb9c8854f2ae6d81f9b924,0574e1f0e58df92226f544b119e3f7acd90b8fc925fb9c8854f2ae6d81f9b924,0574e1f0e58df92226f544b119e3f7acd90b8fc925fb9c8854f2ae6d81f9b924,78463971,已导入本地 Git,
/AI人工路径测试自动化/AI人工路径测试自动化_源码与安装包_v0.1.0.zip,AI测试/网页人工路径/AI人工路径测试自动化_源码与安装包_v0.1.0.zip,libfile_e143ea77e7cc8191b48580e9a75df082,,186785,c8bace24fcaad26f617b5ab1311bc76c06045a9d4685819e8054d19a2d87aad7,0bc09ce0f000a941445ff2a65ac75e48db449f9a68fe314e5659b1137da07c1e,0bc09ce0f000a941445ff2a65ac75e48db449f9a68fe314e5659b1137da07c1e,186785,已导入本地 Git,统一整理展示表述，并更新对应校验值（2026-09-18）
/AI人工路径测试自动化/03_实际验证报告_v0.1.0.md,AI测试/网页人工路径/03_实际验证报告_v0.1.0.md,libfile_f8260bf6bf78819187df321c765a1544,,7352,880a410cf67e8e53b4b8bbe65fad554c7b0ff17f35ca8f637e38cb34a130c3da,880a410cf67e8e53b4b8bbe65fad554c7b0ff17f35ca8f637e38cb34a130c3da,0ccf3d020eeee4b89cfa0943e550aee92b9e3c4754bad189b4fdaf75f8685937,7614,已导入本地 Git,增加归档说明和/或适配文件引用；对应资料版本保存在导入提交中
/AI人工路径测试自动化/02_实现说明与边界_v0.1.0.md,AI测试/网页人工路径/02_实现说明与边界_v0.1.0.md,libfile_24c2aa4458d081919fbd25149e2f7f5f,,6769,8c1152e67d015725e7bce3faf4224fcbc8d004e0b7ff06fff889c16f97f022c6,8c1152e67d015725e7bce3faf4224fcbc8d004e0b7ff06fff889c16f97f022c6,024df98ab4c5afb2ae9aa71396e442e4d0be9b9f2e6b728a1c70fa9317cf449a,7031,已导入本地 Git,增加归档说明和/或适配文件引用；对应资料版本保存在导入提交中
/AI人工路径测试自动化/AI人工路径测试自动化_架构设计与MVP实施方案_v1.0_2026-09-13.md,AI测试/网页人工路径/AI人工路径测试自动化_架构设计与MVP实施方案_v1.0_2026-09-13.md,libfile_d9b71ee62b948191901b5197eaf39ab3,1,68369,0cfbbdd90c5dc6e088e9fcb2e6a3a42abf5f8748bda375b5ad95cc9e9f333cd4,820635c532bd44562ca5ce4ad2f6d341c7970fb46631f874db0925322cbbae1a,22453bf9ef3f8371a7991f22689e3136d8d52394f6910cb06d2e9723a45426fa,68631,已导入本地 Git,增加归档说明和/或适配文件引用；对应资料版本保存在导入提交中；统一整理展示表述，并更新对应校验值（2026-09-18）
/AI人工路径测试自动化/00_总体架构设计_多模态探路与人工路径验证_v0.1_2026-09-13.md,AI测试/网页人工路径/00_总体架构设计_多模态探路与人工路径验证_v0.1_2026-09-13.md,libfile_dea09669ebfc819199b96bbf8247739f,,32658,6aef2b08ed69631e9973c696318cf386ba58d3c078ad8d3c309653a6cbae2b9f,6aef2b08ed69631e9973c696318cf386ba58d3c078ad8d3c309653a6cbae2b9f,f74d403766e973e256cbdd41d29837bd8221e045ec80de39d0b463603c540756,32920,已导入本地 Git,增加归档说明和/或适配文件引用；对应资料版本保存在导入提交中
